"ENSEMBL","gene","cluster"
"ENSG00000106484","MEST","Forebrain"
"ENSG00000066382","MPPED2","Forebrain"
"ENSG00000160360","GPSM1","Forebrain"
"ENSG00000136451","VEZF1","Forebrain"
"ENSG00000138036","DYNC2LI1","Forebrain"
"ENSG00000140455","USP3","Forebrain"
"ENSG00000134532","SOX5","Forebrain"
"ENSG00000130224","LRCH2","Forebrain"
"ENSG00000117385","P3H1","Forebrain"
"ENSG00000138829","FBN2","Forebrain"
"ENSG00000181722","ZBTB20","Forebrain"
"ENSG00000081479","LRP2","Forebrain"
"ENSG00000156531","PHF6","Forebrain"
"ENSG00000170871","KIAA0232","Forebrain"
"ENSG00000198168","SVIP","Forebrain"
"ENSG00000213965","NUDT19","Forebrain"
"ENSG00000085788","DDHD2","Forebrain"
"ENSG00000153266","FEZF2","Forebrain"
"ENSG00000147257","GPC3","Forebrain"
"ENSG00000214174",NA,"Forebrain"
"ENSG00000108557","RAI1","Forebrain"
"ENSG00000100154","TTC28","Forebrain"
"ENSG00000128268","MGAT3","Forebrain"
"ENSG00000011028","MRC2","Forebrain"
"ENSG00000181904","C5orf24","Forebrain"
"ENSG00000180891","CUEDC1","Forebrain"
"ENSG00000110693","SOX6","Forebrain"
"ENSG00000172638","EFEMP2","Forebrain"
"ENSG00000151893","CACUL1","Forebrain"
"ENSG00000269044",NA,"Forebrain"
"ENSG00000105767","CADM4","Forebrain"
"ENSG00000137103","TMEM8B","Forebrain"
"ENSG00000091039","OSBPL8","Forebrain"
"ENSG00000182670","TTC3","Forebrain"
"ENSG00000184500","PROS1","Forebrain"
"ENSG00000198604","BAZ1A","Forebrain"
"ENSG00000123570","RAB9B","Forebrain"
"ENSG00000198873","GRK5","Forebrain"
"ENSG00000179833","SERTAD2","Forebrain"
"ENSG00000110237","ARHGEF17","Forebrain"
"ENSG00000172733","PURG","Forebrain"
"ENSG00000124181","PLCG1","Forebrain"
"ENSG00000143669","LYST","Forebrain"
"ENSG00000184939","ZFP90","Forebrain"
"ENSG00000259495",NA,"Forebrain"
"ENSG00000112320","SOBP","Forebrain"
"ENSG00000116731","PRDM2","Forebrain"
"ENSG00000086848","ALG9","Forebrain"
"ENSG00000187323","DCC","Forebrain"
"ENSG00000163053","SLC16A14","Forebrain"
"ENSG00000250510","GPR162","Forebrain"
"ENSG00000161202","DVL3","Forebrain"
"ENSG00000272886","DCP1A","Forebrain"
"ENSG00000131375","CAPN7","Forebrain"
"ENSG00000235609",NA,"Forebrain"
"ENSG00000106624","AEBP1","Forebrain"
"ENSG00000177189","RPS6KA3","Forebrain"
"ENSG00000187079","TEAD1","Forebrain"
"ENSG00000166455","C16orf46","Forebrain"
"ENSG00000156860","FBRS","Forebrain"
"ENSG00000139631","CSAD","Forebrain"
"ENSG00000050130","JKAMP","Forebrain"
"ENSG00000197566","ZNF624","Forebrain"
"ENSG00000119899","SLC17A5","Forebrain"
"ENSG00000131019","ULBP3","Forebrain"
"ENSG00000166949","SMAD3","Forebrain"
"ENSG00000132688","NES","Forebrain"
"ENSG00000075975","MKRN2","Forebrain"
"ENSG00000065600","PACC1","Forebrain"
"ENSG00000198729","PPP1R14C","Forebrain"
"ENSG00000145147","SLIT2","Forebrain"
"ENSG00000150593","PDCD4","Forebrain"
"ENSG00000152154","TMEM178A","Forebrain"
"ENSG00000198853","RUSC2","Forebrain"
"ENSG00000064547","LPAR2","Forebrain"
"ENSG00000258476","LINC02207","Forebrain"
"ENSG00000107130","NCS1","Forebrain"
"ENSG00000124920","MYRF","Forebrain"
"ENSG00000137575","SDCBP","Forebrain"
"ENSG00000125378","BMP4","Forebrain"
"ENSG00000185924","RTN4RL1","Forebrain"
"ENSG00000169255","B3GALNT1","Forebrain"
"ENSG00000113742","CPEB4","Forebrain"
"ENSG00000072415","PALS1","Forebrain"
"ENSG00000023902","PLEKHO1","Forebrain"
"ENSG00000138696","BMPR1B","Forebrain"
"ENSG00000083457","ITGAE","Forebrain"
"ENSG00000096092","TMEM14A","Forebrain"
"ENSG00000196914","ARHGEF12","Forebrain"
"ENSG00000241852","C8orf58","Forebrain"
"ENSG00000176907","TCIM","Forebrain"
"ENSG00000133131","MORC4","Forebrain"
"ENSG00000171791","BCL2","Forebrain"
"ENSG00000154721","JAM2","Forebrain"
"ENSG00000150625","GPM6A","Forebrain"
"ENSG00000153904","DDAH1","Forebrain"
"ENSG00000039560","RAI14","Forebrain"
"ENSG00000119408","NEK6","Forebrain"
"ENSG00000108861","DUSP3","Forebrain"
"ENSG00000165410","CFL2","Forebrain"
"ENSG00000150938","CRIM1","Forebrain"
"ENSG00000151135","TMEM263","Forebrain"
"ENSG00000072422","RHOBTB1","Forebrain"
"ENSG00000171533","MAP6","Forebrain"
"ENSG00000135924","DNAJB2","Forebrain"
"ENSG00000130956","HABP4","Forebrain"
"ENSG00000203879","GDI1","Forebrain"
"ENSG00000141424","SLC39A6","Forebrain"
"ENSG00000139793","MBNL2","Forebrain"
"ENSG00000071246","VASH1","Forebrain"
"ENSG00000138760","SCARB2","Forebrain"
"ENSG00000064393","HIPK2","Forebrain"
"ENSG00000185250","PPIL6","Forebrain"
"ENSG00000139116","KIF21A","Forebrain"
"ENSG00000165323","FAT3","Forebrain"
"ENSG00000138193","PLCE1","Forebrain"
"ENSG00000109171","SLAIN2","Forebrain"
"ENSG00000120913","PDLIM2","Forebrain"
"ENSG00000008405","CRY1","Forebrain"
"ENSG00000113240","CLK4","Forebrain"
"ENSG00000151491","EPS8","Forebrain"
"ENSG00000165434","PGM2L1","Forebrain"
"ENSG00000147526","TACC1","Forebrain"
"ENSG00000213190","MLLT11","Forebrain"
"ENSG00000119396","RAB14","Forebrain"
"ENSG00000034713","GABARAPL2","Forebrain"
"ENSG00000184384","MAML2","Forebrain"
"ENSG00000096093","EFHC1","Forebrain"
"ENSG00000135905","DOCK10","Forebrain"
"ENSG00000145431","PDGFC","Forebrain"
"ENSG00000111859","NEDD9","Forebrain"
"ENSG00000138758","SEPTIN11","Forebrain"
"ENSG00000100221","JOSD1","Forebrain"
"ENSG00000069702","TGFBR3","Forebrain"
"ENSG00000171385","KCND3","Forebrain"
"ENSG00000183283","DAZAP2","Forebrain"
"ENSG00000187601","MAGEH1","Forebrain"
"ENSG00000166275","BORCS7","Forebrain"
"ENSG00000183255","PTTG1IP","Forebrain"
"ENSG00000121005","CRISPLD1","Forebrain"
"ENSG00000169047","IRS1","Forebrain"
"ENSG00000018408","WWTR1","Forebrain"
"ENSG00000146648","EGFR","Forebrain"
"ENSG00000138119","MYOF","Forebrain"
"ENSG00000118495","PLAGL1","Forebrain"
"ENSG00000115468","EFHD1","Forebrain"
"ENSG00000169760","NLGN1","Forebrain"
"ENSG00000150764","DIXDC1","Forebrain"
"ENSG00000110042","DTX4","Forebrain"
"ENSG00000265413",NA,"Forebrain"
"ENSG00000142611","PRDM16","Forebrain"
"ENSG00000135097","MSI1","Forebrain"
"ENSG00000144730","IL17RD","Forebrain"
"ENSG00000138443","ABI2","Forebrain"
"ENSG00000122756","CNTFR","Forebrain"
"ENSG00000107186","MPDZ","Forebrain"
"ENSG00000179195","ZNF664","Forebrain"
"ENSG00000106477","CEP41","Forebrain"
"ENSG00000157657","ZNF618","Forebrain"
"ENSG00000163093","BBS5","Forebrain"
"ENSG00000065970","FOXJ2","Forebrain"
"ENSG00000165102","HGSNAT","Forebrain"
"ENSG00000154240","CEP112","Forebrain"
"ENSG00000144560","VGLL4","Forebrain"
"ENSG00000112186","CAP2","Forebrain"
"ENSG00000152492","CCDC50","Forebrain"
"ENSG00000078269","SYNJ2","Forebrain"
"ENSG00000159461","AMFR","Forebrain"
"ENSG00000142279","WTIP","Forebrain"
"ENSG00000099715","PCDH11Y","Forebrain"
"ENSG00000184613","NELL2","Forebrain"
"ENSG00000143147","GPR161","Forebrain"
"ENSG00000187231","SESTD1","Forebrain"
"ENSG00000103260","METRN","Forebrain"
"ENSG00000247809","NR2F2-AS1","Forebrain"
"ENSG00000227705",NA,"Forebrain"
"ENSG00000141696","P3H4","Forebrain"
"ENSG00000122863","CHST3","Forebrain"
"ENSG00000185340","GAS2L1","Forebrain"
"ENSG00000174282","ZBTB4","Forebrain"
"ENSG00000111728","ST8SIA1","Forebrain"
"ENSG00000151422","FER","Forebrain"
"ENSG00000205269","TMEM170B","Forebrain"
"ENSG00000105443","CYTH2","Forebrain"
"ENSG00000173960","UBXN2A","Forebrain"
"ENSG00000129946","SHC2","Forebrain"
"ENSG00000074527","NTN4","Forebrain"
"ENSG00000197183","NOL4L","Forebrain"
"ENSG00000259291","ZNF710-AS1","Forebrain"
"ENSG00000140577","CRTC3","Forebrain"
"ENSG00000223482","NUTM2A-AS1","Forebrain"
"ENSG00000144677","CTDSPL","Forebrain"
"ENSG00000133612","AGAP3","Forebrain"
"ENSG00000172466","ZNF24","Forebrain"
"ENSG00000005238","ATOSB","Forebrain"
"ENSG00000250305","TRMT9B","Forebrain"
"ENSG00000258441","LINC00641","Forebrain"
"ENSG00000110881","ASIC1","Forebrain"
"ENSG00000169057","MECP2","Forebrain"
"ENSG00000180773","SLC36A4","Forebrain"
"ENSG00000187260","WDR86","Forebrain"
"ENSG00000182095","TNRC18","Forebrain"
"ENSG00000112541","PDE10A","Forebrain"
"ENSG00000203618","GP1BB","Forebrain"
"ENSG00000141570","CBX8","Forebrain"
"ENSG00000115295","CLIP4","Forebrain"
"ENSG00000197724","PHF2","Forebrain"
"ENSG00000164830","OXR1","Forebrain"
"ENSG00000106086","PLEKHA8","Forebrain"
"ENSG00000198060","MARCHF5","Forebrain"
"ENSG00000104765","BNIP3L","Forebrain"
"ENSG00000011105","TSPAN9","Forebrain"
"ENSG00000198420","TCAF1","Forebrain"
"ENSG00000235437","LINC01278","Forebrain"
"ENSG00000094631","HDAC6","Forebrain"
"ENSG00000172932","ANKRD13D","Forebrain"
"ENSG00000101940","WDR13","Forebrain"
"ENSG00000282057",NA,"Forebrain"
"ENSG00000140836","ZFHX3","Forebrain"
"ENSG00000127483","HP1BP3","Forebrain"
"ENSG00000136811","ODF2","Forebrain"
"ENSG00000123810","B9D2","Forebrain"
"ENSG00000108582","CPD","Forebrain"
"ENSG00000170035","UBE2E3","Forebrain"
"ENSG00000114978","MOB1A","Forebrain"
"ENSG00000143079","CTTNBP2NL","Forebrain"
"ENSG00000080298","RFX3","Forebrain"
"ENSG00000165194","PCDH19","Forebrain"
"ENSG00000121067","SPOP","Forebrain"
"ENSG00000107249","GLIS3","Forebrain"
"ENSG00000096746","HNRNPH3","Forebrain"
"ENSG00000129116","PALLD","Forebrain"
"ENSG00000144152","FBLN7","Forebrain"
"ENSG00000166963","MAP1A","Forebrain"
"ENSG00000169231","THBS3","Forebrain"
"ENSG00000165949","IFI27","Forebrain"
"ENSG00000140557","ST8SIA2","Forebrain"
"ENSG00000104490","NCALD","Forebrain"
"ENSG00000140391","TSPAN3","Forebrain"
"ENSG00000054793","ATP9A","Forebrain"
"ENSG00000102181","CD99L2","Forebrain"
"ENSG00000104960","PTOV1","Forebrain"
"ENSG00000106524","ANKMY2","Forebrain"
"ENSG00000113648","MACROH2A1","Forebrain"
"ENSG00000128594","LRRC4","Forebrain"
"ENSG00000166147","FBN1","Forebrain"
"ENSG00000198646","NCOA6","Forebrain"
"ENSG00000170558","CDH2","Forebrain"
"ENSG00000157851","DPYSL5","Forebrain"
"ENSG00000185551","NR2F2","Forebrain"
"ENSG00000116729","WLS","Forebrain"
"ENSG00000183853","KIRREL1","Forebrain"
"ENSG00000146242","TPBG","Forebrain"
"ENSG00000276644","DACH1","Forebrain"
"ENSG00000135333","EPHA7","Forebrain"
"ENSG00000196576","PLXNB2","Forebrain"
"ENSG00000147509","RGS20","Forebrain"
"ENSG00000143622","RIT1","Forebrain"
"ENSG00000160310","PRMT2","Forebrain"
"ENSG00000196182","STK40","Forebrain"
"ENSG00000143499","SMYD2","Forebrain"
"ENSG00000162734","PEA15","Forebrain"
"ENSG00000204262","COL5A2","Forebrain"
"ENSG00000109436","TBC1D9","Forebrain"
"ENSG00000165072","MAMDC2","Forebrain"
"ENSG00000162374","ELAVL4","Forebrain"
"ENSG00000125266","EFNB2","Forebrain"
"ENSG00000105290","APLP1","Forebrain"
"ENSG00000004848","ARX","Forebrain"
"ENSG00000138792","ENPEP","Forebrain"
"ENSG00000100422","CERK","Forebrain"
"ENSG00000183955","KMT5A","Forebrain"
"ENSG00000166741","NNMT","Forebrain"
"ENSG00000234456","MAGI2-AS3","Forebrain"
"ENSG00000175414","ARL10","Forebrain"
"ENSG00000205084","TMEM231","Forebrain"
"ENSG00000100401","RANGAP1","Forebrain"
"ENSG00000164610","RP9","Forebrain"
"ENSG00000139687","RB1","Forebrain"
"ENSG00000005486","RHBDD2","Forebrain"
"ENSG00000087274","ADD1","Forebrain"
"ENSG00000065054","NHERF2","Forebrain"
"ENSG00000172379","ARNT2","Forebrain"
"ENSG00000182054","IDH2","Forebrain"
"ENSG00000150471","ADGRL3","Forebrain"
"ENSG00000168283","BMI1","Forebrain"
"ENSG00000160991","ORAI2","Forebrain"
"ENSG00000122068","FYTTD1","Forebrain"
"ENSG00000139219","COL2A1","Forebrain"
"ENSG00000160216","AGPAT3","Forebrain"
"ENSG00000180530","NRIP1","Forebrain"
"ENSG00000109906","ZBTB16","Forebrain"
"ENSG00000112539","C6orf118","Forebrain"
"ENSG00000119522","DENND1A","Forebrain"
"ENSG00000182463","TSHZ2","Forebrain"
"ENSG00000033800","PIAS1","Forebrain"
"ENSG00000157514","TSC22D3","Forebrain"
"ENSG00000129474","AJUBA","Forebrain"
"ENSG00000142871","CCN1","Forebrain"
"ENSG00000173482","PTPRM","Forebrain"
"ENSG00000163110","PDLIM5","Forebrain"
"ENSG00000143479","DYRK3","Forebrain"
"ENSG00000171016","PYGO1","Forebrain"
"ENSG00000164542","MATCAP2","Forebrain"
"ENSG00000185046","ANKS1B","Forebrain"
"ENSG00000148204","CRB2","Forebrain"
"ENSG00000159692","CTBP1","Forebrain"
"ENSG00000075618","FSCN1","Forebrain"
"ENSG00000114166","KAT2B","Forebrain"
"ENSG00000171456","ASXL1","Forebrain"
"ENSG00000148516","ZEB1","Forebrain"
"ENSG00000122642","FKBP9","Forebrain"
"ENSG00000257698","GIHCG","Forebrain"
"ENSG00000025156","HSF2","Forebrain"
"ENSG00000156858","PRR14","Forebrain"
"ENSG00000039523","RIPOR1","Forebrain"
"ENSG00000134198","TSPAN2","Forebrain"
"ENSG00000184557","SOCS3","Forebrain"
"ENSG00000127990","SGCE","Forebrain"
"ENSG00000134352","IL6ST","Forebrain"
"ENSG00000165156","ZHX1","Forebrain"
"ENSG00000187189","TSPYL4","Forebrain"
"ENSG00000107485","GATA3","Forebrain"
"ENSG00000141431","ASXL3","Forebrain"
"ENSG00000145284","SCD5","Forebrain"
"ENSG00000136026","CKAP4","Forebrain"
"ENSG00000130202","NECTIN2","Forebrain"
"ENSG00000137166","FOXP4","Forebrain"
"ENSG00000166847","DCTN5","Forebrain"
"ENSG00000172458","IL17D","Forebrain"
"ENSG00000179456","ZBTB18","Forebrain"
"ENSG00000152904","GGPS1","Forebrain"
"ENSG00000100345","MYH9","Forebrain"
"ENSG00000073921","PICALM","Forebrain"
"ENSG00000020577","SAMD4A","Forebrain"
"ENSG00000148677","ANKRD1","Forebrain"
"ENSG00000113721","PDGFRB","Forebrain"
"ENSG00000188026","RILPL1","Forebrain"
"ENSG00000166448","TMEM130","Forebrain"
"ENSG00000162909","CAPN2","Forebrain"
"ENSG00000138434","ITPRID2","Forebrain"
"ENSG00000280099",NA,"Forebrain"
"ENSG00000146966","DENND2A","Forebrain"
"ENSG00000171130","ATP6V0E2","Forebrain"
"ENSG00000132669","RIN2","Forebrain"
"ENSG00000265477",NA,"Forebrain"
"ENSG00000155304","HSPA13","Forebrain"
"ENSG00000095794","CREM","Forebrain"
"ENSG00000137962","ARHGAP29","Forebrain"
"ENSG00000137801","THBS1","Forebrain"
"ENSG00000111540","RAB5B","Forebrain"
"ENSG00000150457","LATS2","Forebrain"
"ENSG00000180370","PAK2","Forebrain"
"ENSG00000197694","SPTAN1","Forebrain"
"ENSG00000188042","ARL4C","Forebrain"
"ENSG00000175662","TOM1L2","Forebrain"
"ENSG00000082701","GSK3B","Forebrain"
"ENSG00000101353","MROH8","Forebrain"
"ENSG00000070778","PTPN21","Forebrain"
"ENSG00000165669","FAM204A","Forebrain"
"ENSG00000111785","RIC8B","Forebrain"
"ENSG00000134291","TMEM106C","Forebrain"
"ENSG00000167552","TUBA1A","Forebrain"
"ENSG00000182628","SKA2","Forebrain"
"ENSG00000134824","FADS2","Forebrain"
"ENSG00000150347","ARID5B","Forebrain"
"ENSG00000026025","VIM","Forebrain"
"ENSG00000166313","APBB1","Forebrain"
"ENSG00000177697","CD151","Forebrain"
"ENSG00000138722","MMRN1","Forebrain"
"ENSG00000111783","RFX4","Forebrain"
"ENSG00000257711","LOC100505978","Forebrain"
"ENSG00000286627",NA,"Forebrain"
"ENSG00000113140","SPARC","Forebrain"
"ENSG00000138771","SHROOM3","Forebrain"
"ENSG00000108946","PRKAR1A","Forebrain"
"ENSG00000168874","ATOH8","Forebrain"
"ENSG00000113300","CNOT6","Forebrain"
"ENSG00000178531","CTXN1","Forebrain"
"ENSG00000115226","FNDC4","Forebrain"
"ENSG00000072958","AP1M1","Forebrain"
"ENSG00000115561","CHMP3","Forebrain"
"ENSG00000153130","SCOC","Forebrain"
"ENSG00000129055","ANAPC13","Forebrain"
"ENSG00000168672","LRATD2","Forebrain"
"ENSG00000101871","MID1","Forebrain"
"ENSG00000115963","RND3","Forebrain"
"ENSG00000185909","KLHDC8B","Forebrain"
"ENSG00000155366","RHOC","Forebrain"
"ENSG00000107099","DOCK8","Forebrain"
"ENSG00000158270","COLEC12","Forebrain"
"ENSG00000153936","HS2ST1","Forebrain"
"ENSG00000182197","EXT1","Forebrain"
"ENSG00000203727","SAMD5","Forebrain"
"ENSG00000138018","SELENOI","Forebrain"
"ENSG00000103855","CD276","Forebrain"
"ENSG00000116157","GPX7","Forebrain"
"ENSG00000101439","CST3","Forebrain"
"ENSG00000286190","LOC728392","Forebrain"
"ENSG00000271601","LIX1L","Forebrain"
"ENSG00000113361","CDH6","Forebrain"
"ENSG00000244486","SCARF2","Forebrain"
"ENSG00000243279","PRAF2","Forebrain"
"ENSG00000022267","FHL1","Forebrain"
"ENSG00000118523","CCN2","Forebrain"
"ENSG00000130779","CLIP1","Forebrain"
"ENSG00000143195","ILDR2","Forebrain"
"ENSG00000114019","AMOTL2","Forebrain"
"ENSG00000242247","ARFGAP3","Forebrain"
"ENSG00000197702","PARVA","Forebrain"
"ENSG00000062725","APPBP2","Forebrain"
"ENSG00000167601","AXL","Forebrain"
"ENSG00000174099","MSRB3","Forebrain"
"ENSG00000015153","YAF2","Forebrain"
"ENSG00000158258","CLSTN2","Forebrain"
"ENSG00000137076","TLN1","Forebrain"
"ENSG00000264596",NA,"Forebrain"
"ENSG00000134318","ROCK2","Forebrain"
"ENSG00000120278","PLEKHG1","Forebrain"
"ENSG00000100626","GALNT16","Forebrain"
"ENSG00000183722","LHFPL6","Forebrain"
"ENSG00000006210","CX3CL1","Forebrain"
"ENSG00000166225","FRS2","Forebrain"
"ENSG00000226137","BAIAP2-DT","Forebrain"
"ENSG00000047634","SCML1","Forebrain"
"ENSG00000176973","FAM89B","Forebrain"
"ENSG00000170456","DENND5B","Forebrain"
"ENSG00000273108",NA,"Forebrain"
"ENSG00000162929","SANBR","Forebrain"
"ENSG00000213722","DDAH2","Forebrain"
"ENSG00000205593","DENND6B","Forebrain"
"ENSG00000066629","EML1","Forebrain"
"ENSG00000058091","CDK14","Forebrain"
"ENSG00000117707","PROX1","Forebrain"
"ENSG00000163596","ICA1L","Forebrain"
"ENSG00000106868","SUSD1","Forebrain"
"ENSG00000188315","C3orf62","Forebrain"
"ENSG00000115694","STK25","Forebrain"
"ENSG00000167470","MIDN","Forebrain"
"ENSG00000056586","RC3H2","Forebrain"
"ENSG00000143344","RGL1","Forebrain"
"ENSG00000152377","SPOCK1","Forebrain"
"ENSG00000092148","HECTD1","Forebrain"
"ENSG00000124243","BCAS4","Dorsal forebrain"
"ENSG00000155254","MARVELD1","Dorsal forebrain"
"ENSG00000279439",NA,"Dorsal forebrain"
"ENSG00000285595",NA,"Dorsal forebrain"
"ENSG00000173376","NDNF","Dorsal forebrain"
"ENSG00000257842","NOVA1-DT","Dorsal forebrain"
"ENSG00000168077","SCARA3","Dorsal forebrain"
"ENSG00000168916","ZNF608","Dorsal forebrain"
"ENSG00000106829","TLE4","Dorsal forebrain"
"ENSG00000139679","LPAR6","Dorsal forebrain"
"ENSG00000112175","BMP5","Dorsal forebrain"
"ENSG00000008196","TFAP2B","Dorsal forebrain"
"ENSG00000003436","TFPI","Dorsal forebrain"
"ENSG00000255092",NA,"Dorsal forebrain"
"ENSG00000077943","ITGA8","Dorsal forebrain"
"ENSG00000231609","EHBP1-AS1","Dorsal forebrain"
"ENSG00000198795","ZNF521","Dorsal forebrain"
"ENSG00000109819","PPARGC1A","Dorsal forebrain"
"ENSG00000108384","RAD51C","Dorsal forebrain"
"ENSG00000178202","POGLUT3","Dorsal forebrain"
"ENSG00000137285","TUBB2B","Dorsal forebrain"
"ENSG00000120149","MSX2","Dorsal forebrain"
"ENSG00000091879","ANGPT2","Dorsal forebrain"
"ENSG00000053770","AP5M1","Dorsal forebrain"
"ENSG00000144834","TAGLN3","Dorsal forebrain"
"ENSG00000091986","CCDC80","Dorsal forebrain"
"ENSG00000163132","MSX1","Dorsal forebrain"
"ENSG00000007171","NOS2","Dorsal forebrain"
"ENSG00000184486","POU3F2","Dorsal forebrain"
"ENSG00000144331","ZNF385B","Dorsal forebrain"
"ENSG00000106003","LFNG","Dorsal forebrain"
"ENSG00000164651","SP8","Dorsal forebrain"
"ENSG00000070367","EXOC5","Dorsal forebrain"
"ENSG00000140522","RLBP1","Dorsal forebrain"
"ENSG00000152495","CAMK4","Dorsal forebrain"
"ENSG00000163909","HEYL","Dorsal forebrain"
"ENSG00000136250","AOAH","Dorsal forebrain"
"ENSG00000123307","NEUROD4","Dorsal forebrain"
"ENSG00000128641","MYO1B","Dorsal forebrain"
"ENSG00000087470","DNM1L","Dorsal forebrain"
"ENSG00000110651","CD81","Dorsal forebrain"
"ENSG00000186188","FFAR4","Dorsal forebrain"
"ENSG00000109184","DCUN1D4","Dorsal forebrain"
"ENSG00000135903","PAX3","Dorsal forebrain"
"ENSG00000075213","SEMA3A","Dorsal forebrain"
"ENSG00000237732",NA,"Dorsal forebrain"
"ENSG00000288658","LOC122319436","Dorsal forebrain"
"ENSG00000285535",NA,"Dorsal forebrain"
"ENSG00000006432","MAP3K9","Dorsal forebrain"
"ENSG00000260338",NA,"Dorsal forebrain"
"ENSG00000126259","KIRREL2","Dorsal forebrain"
"ENSG00000103121","CMC2","Dorsal forebrain"
"ENSG00000149503","INCENP","Dorsal forebrain"
"ENSG00000106571","GLI3","Dorsal forebrain"
"ENSG00000180447","GAS1","Dorsal forebrain"
"ENSG00000007372","PAX6","Dorsal forebrain"
"ENSG00000229847","EMX2OS","Dorsal forebrain"
"ENSG00000170370","EMX2","Dorsal forebrain"
"ENSG00000169129","AFAP1L2","Dorsal forebrain"
"ENSG00000100097","LGALS1","Dorsal forebrain"
"ENSG00000078053","AMPH","Dorsal forebrain"
"ENSG00000152503","TRIM36","Dorsal forebrain"
"ENSG00000006128","TAC1","Dorsal forebrain"
"ENSG00000120156","TEK","Dorsal forebrain"
"ENSG00000085117","CD82","Dorsal forebrain"
"ENSG00000064309","CDON","Dorsal forebrain"
"ENSG00000101384","JAG1","Dorsal forebrain"
"ENSG00000158555","GDPD5","Dorsal forebrain"
"ENSG00000100003","SEC14L2","Dorsal forebrain"
"ENSG00000138795","LEF1","Dorsal forebrain"
"ENSG00000066032","CTNNA2","Dorsal forebrain"
"ENSG00000135074","ADAM19","Dorsal forebrain"
"ENSG00000142149","HUNK","Dorsal forebrain"
"ENSG00000033170","FUT8","Dorsal forebrain"
"ENSG00000253734","LINC01289","Dorsal forebrain"
"ENSG00000197555","SIPA1L1","Dorsal forebrain"
"ENSG00000133124","IRS4","Dorsal forebrain"
"ENSG00000163635","ATXN7","Dorsal forebrain"
"ENSG00000280000",NA,"Dorsal forebrain"
"ENSG00000078328","RBFOX1","Dorsal forebrain"
"ENSG00000079156","OSBPL6","Dorsal forebrain"
"ENSG00000135048","CEMIP2","Dorsal forebrain"
"ENSG00000134369","NAV1","Dorsal forebrain"
"ENSG00000254377","MIR124-2HG","Dorsal forebrain"
"ENSG00000111432","FZD10","Dorsal forebrain"
"ENSG00000168785","TSPAN5","Dorsal forebrain"
"ENSG00000198948","MFAP3L","Dorsal forebrain"
"ENSG00000144857","BOC","Dorsal forebrain"
"ENSG00000115507","OTX1","Dorsal forebrain"
"ENSG00000179796","LRRC3B","Dorsal forebrain"
"ENSG00000198860","TSEN15","Dorsal forebrain"
"ENSG00000183908","LRRC55","Dorsal forebrain"
"ENSG00000123240","OPTN","Dorsal forebrain"
"ENSG00000120963","ZNF706","Dorsal forebrain"
"ENSG00000130176","CNN1","Dorsal forebrain"
"ENSG00000160963","COL26A1","Dorsal forebrain"
"ENSG00000128283","CDC42EP1","Dorsal forebrain"
"ENSG00000186166","CENATAC","Dorsal forebrain"
"ENSG00000279221",NA,"Dorsal forebrain"
"ENSG00000149591","TAGLN","Dorsal forebrain"
"ENSG00000224063",NA,"Dorsal forebrain"
"ENSG00000164741","DLC1","Dorsal forebrain"
"ENSG00000110880","CORO1C","Dorsal forebrain"
"ENSG00000113448","PDE4D","Dorsal forebrain"
"ENSG00000122861","PLAU","Dorsal forebrain"
"ENSG00000138061","CYP1B1","Dorsal forebrain"
"ENSG00000255248","MIR100HG","Dorsal forebrain"
"ENSG00000149218","ENDOD1","Dorsal forebrain"
"ENSG00000172965","MIR4435-2HG","Dorsal forebrain"
"ENSG00000167434","CA4","Dorsal forebrain"
"ENSG00000135697","BCO1","Dorsal forebrain"
"ENSG00000120833","SOCS2","Dorsal forebrain"
"ENSG00000260477","LINC01584","Dorsal forebrain"
"ENSG00000260125","AGBL1-AS1","Dorsal forebrain"
"ENSG00000273540","AGBL1","Dorsal forebrain"
"ENSG00000236782","ZNF593OS","Dorsal forebrain"
"ENSG00000111275","ALDH2","Dorsal forebrain"
"ENSG00000188582","PAQR9","Dorsal forebrain"
"ENSG00000042980","ADAM28","Dorsal forebrain"
"ENSG00000279398",NA,"Dorsal forebrain"
"ENSG00000112333","NR2E1","Dorsal forebrain"
"ENSG00000189127","ANKRD34B","Dorsal forebrain"
"ENSG00000170893","TRH","Dorsal forebrain"
"ENSG00000069696","DRD4","Dorsal forebrain"
"ENSG00000119681","LTBP2","Dorsal forebrain"
"ENSG00000154342","WNT3A","Dorsal forebrain"
"ENSG00000182165","TP53TG1","Dorsal forebrain"
"ENSG00000075290","WNT8B","Dorsal forebrain"
"ENSG00000138653","NDST4","Dorsal forebrain"
"ENSG00000067141","NEO1","Dorsal forebrain"
"ENSG00000103460","TOX3","Dorsal forebrain"
"ENSG00000137501","SYTL2","Dorsal forebrain"
"ENSG00000171004","HS6ST2","Dorsal forebrain"
"ENSG00000007350","TKTL1","Dorsal forebrain"
"ENSG00000061918","GUCY1B1","Dorsal forebrain"
"ENSG00000064218","DMRT3","Dorsal forebrain"
"ENSG00000228835",NA,"Dorsal forebrain"
"ENSG00000197705","KLHL14","Dorsal forebrain"
"ENSG00000280451",NA,"Dorsal forebrain"
"ENSG00000168710","AHCYL1","Dorsal forebrain"
"ENSG00000148672","GLUD1","Dorsal forebrain"
"ENSG00000184867","ARMCX2","Dorsal forebrain"
"ENSG00000130309","COLGALT1","Dorsal forebrain"
"ENSG00000112290","WASF1","Dorsal forebrain"
"ENSG00000175356","SCUBE2","Dorsal forebrain"
"ENSG00000188523","CFAP77","Dorsal forebrain"
"ENSG00000064651","SLC12A2","Dorsal forebrain"
"ENSG00000197965","MPZL1","Dorsal forebrain"
"ENSG00000143355","LHX9","Dorsal forebrain"
"ENSG00000253551","LOC101929341","Dorsal forebrain"
"ENSG00000184845","DRD1","Dorsal forebrain"
"ENSG00000168348","INSM2","Dorsal forebrain"
"ENSG00000067798","NAV3","Dorsal forebrain"
"ENSG00000144369","FAM171B","Dorsal forebrain"
"ENSG00000188064","WNT7B","Dorsal forebrain"
"ENSG00000125492","BARHL1","Dorsal forebrain"
"ENSG00000176463","SLCO3A1","Dorsal forebrain"
"ENSG00000171488","LRRC8C","Dorsal forebrain"
"ENSG00000197565","COL4A6","Dorsal forebrain"
"ENSG00000165092","ALDH1A1","Dorsal forebrain"
"ENSG00000091664","SLC17A6","Dorsal forebrain"
"ENSG00000115138","POMC","Dorsal forebrain"
"ENSG00000196227","FAM217B","Dorsal forebrain"
"ENSG00000101825","MXRA5","Dorsal forebrain"
"ENSG00000114302","PRKAR2A","Dorsal forebrain"
"ENSG00000156973","PDE6D","Dorsal forebrain"
"ENSG00000265179",NA,"Dorsal forebrain"
"ENSG00000070808","CAMK2A","Dorsal forebrain"
"ENSG00000185088","RPS27L","Dorsal forebrain"
"ENSG00000162772","ATF3","Dorsal forebrain"
"ENSG00000150551","LYPD1","Dorsal forebrain"
"ENSG00000047849","MAP4","Dorsal forebrain"
"ENSG00000078114","NEBL","Dorsal forebrain"
"ENSG00000103145","HCFC1R1","Dorsal forebrain"
"ENSG00000189077","TMEM120A","Dorsal forebrain"
"ENSG00000006327","TNFRSF12A","Dorsal forebrain"
"ENSG00000078295","ADCY2","Dorsal forebrain"
"ENSG00000138772","ANXA3","Dorsal forebrain"
"ENSG00000134245","WNT2B","Dorsal forebrain"
"ENSG00000086696","HSD17B2","Dorsal forebrain"
"ENSG00000164330","EBF1","Dorsal forebrain"
"ENSG00000005469","CROT","Dorsal forebrain"
"ENSG00000075426","FOSL2","Dorsal forebrain"
"ENSG00000136193","SCRN1","Dorsal forebrain"
"ENSG00000015592","STMN4","Dorsal forebrain"
"ENSG00000138798","EGF","Dorsal forebrain"
"ENSG00000162738","VANGL2","Dorsal forebrain"
"ENSG00000108551","RASD1","Dorsal forebrain"
"ENSG00000270640",NA,"Dorsal forebrain"
"ENSG00000092096","SLC22A17","Dorsal forebrain"
"ENSG00000167468","GPX4","Dorsal forebrain"
"ENSG00000176170","SPHK1","Dorsal forebrain"
"ENSG00000169862","CTNND2","Dorsal forebrain"
"ENSG00000174963","ZIC4","Dorsal forebrain"
"ENSG00000152977","ZIC1","Dorsal forebrain"
"ENSG00000185149","NPY2R","Dorsal forebrain"
"ENSG00000154553","PDLIM3","Dorsal forebrain"
"ENSG00000120306","CYSTM1","Dorsal forebrain"
"ENSG00000132205","EMILIN2","Dorsal forebrain"
"ENSG00000168952","STXBP6","Dorsal forebrain"
"ENSG00000169174","PCSK9","Dorsal forebrain"
"ENSG00000095370","SH2D3C","Dorsal forebrain"
"ENSG00000261678","SCRT1","Dorsal forebrain"
"ENSG00000147488","ST18","Dorsal forebrain"
"ENSG00000196361","ELAVL3","Dorsal forebrain"
"ENSG00000162992","NEUROD1","Dorsal forebrain"
"ENSG00000149243","KLHL35","Dorsal forebrain"
"ENSG00000180875","GREM2","Dorsal forebrain"
"ENSG00000171786","NHLH1","Dorsal forebrain"
"ENSG00000221818","EBF2","Dorsal forebrain"
"ENSG00000125398","SOX9","Dorsal forebrain"
"ENSG00000081913","PHLPP1","Dorsal forebrain"
"ENSG00000128487","SPECC1","Dorsal forebrain"
"ENSG00000140873","ADAMTS18","Dorsal forebrain"
"ENSG00000164082","GRM2","Dorsal forebrain"
"ENSG00000111674","ENO2","Dorsal forebrain"
"ENSG00000141753","IGFBP4","Dorsal forebrain"
"ENSG00000110076","NRXN2","Dorsal forebrain"
"ENSG00000124171","PARD6B","Dorsal forebrain"
"ENSG00000078687","TNRC6C","Dorsal forebrain"
"ENSG00000272512",NA,"Dorsal forebrain"
"ENSG00000279839",NA,"Dorsal forebrain"
"ENSG00000117016","RIMS3","Dorsal forebrain"
"ENSG00000123094","RASSF8","Dorsal forebrain"
"ENSG00000137203","TFAP2A","Dorsal forebrain"
"ENSG00000120457","KCNJ5","Dorsal forebrain"
"ENSG00000253554","LINC01414","Dorsal forebrain"
"ENSG00000104267","CA2","Dorsal forebrain"
"ENSG00000184156","KCNQ3","Dorsal forebrain"
"ENSG00000213853","EMP2","Dorsal forebrain"
"ENSG00000012232","EXTL3","Dorsal forebrain"
"ENSG00000147454","SLC25A37","Dorsal forebrain"
"ENSG00000116667","C1orf21","Dorsal forebrain"
"ENSG00000198435","NRARP","Dorsal forebrain"
"ENSG00000139496","NUP58","Dorsal forebrain"
"ENSG00000101333","PLCB4","Dorsal forebrain"
"ENSG00000106278","PTPRZ1","Dorsal forebrain"
"ENSG00000060237","WNK1","Dorsal forebrain"
"ENSG00000164056","SPRY1","Dorsal forebrain"
"ENSG00000281406","BLACAT1","Dorsal forebrain"
"ENSG00000158711","ELK4","Dorsal forebrain"
"ENSG00000198929","NOS1AP","Dorsal forebrain"
"ENSG00000109956","B3GAT1","Dorsal forebrain"
"ENSG00000107560","RAB11FIP2","Dorsal forebrain"
"ENSG00000142733","MAP3K6","Dorsal forebrain"
"ENSG00000138658","ZGRF1","Dorsal forebrain"
"ENSG00000100281","HMGXB4","Dorsal forebrain"
"ENSG00000163960","UBXN7","Dorsal forebrain"
"ENSG00000153944","MSI2","Dorsal forebrain"
"ENSG00000178074","C2orf69","Dorsal forebrain"
"ENSG00000153207","AHCTF1","Dorsal forebrain"
"ENSG00000161513","FDXR","Dorsal forebrain"
"ENSG00000198355","PIM3","Dorsal forebrain"
"ENSG00000168280","KIF5C","Dorsal forebrain"
"ENSG00000144406","UNC80","Dorsal forebrain"
"ENSG00000120899","PTK2B","Dorsal forebrain"
"ENSG00000149212","SESN3","Dorsal forebrain"
"ENSG00000123091","RNF11","Dorsal forebrain"
"ENSG00000109686","SH3D19","Dorsal forebrain"
"ENSG00000087095","NLK","Dorsal forebrain"
"ENSG00000125869","LAMP5","Dorsal forebrain"
"ENSG00000078018","MAP2","Dorsal forebrain"
"ENSG00000186007","LEMD1","Dorsal forebrain"
"ENSG00000117394","SLC2A1","Dorsal forebrain"
"ENSG00000124212","PTGIS","Dorsal forebrain"
"ENSG00000005102","MEOX1","Dorsal forebrain"
"ENSG00000175183","CSRP2","Dorsal forebrain"
"ENSG00000104290","FZD3","Dorsal forebrain"
"ENSG00000152767","FARP1","Dorsal forebrain"
"ENSG00000118503","TNFAIP3","Dorsal forebrain"
"ENSG00000111907","TPD52L1","Dorsal forebrain"
"ENSG00000105696","TMEM59L","Dorsal forebrain"
"ENSG00000279591",NA,"Dorsal forebrain"
"ENSG00000105137","SYDE1","Dorsal forebrain"
"ENSG00000164733","CTSB","Dorsal forebrain"
"ENSG00000188290","HES4","Dorsal forebrain"
"ENSG00000007866","TEAD3","Dorsal forebrain"
"ENSG00000197217","ENTPD4","Dorsal forebrain"
"ENSG00000239922",NA,"Dorsal forebrain"
"ENSG00000153707","PTPRD","Dorsal forebrain"
"ENSG00000104695","PPP2CB","Dorsal forebrain"
"ENSG00000170091","NSG2","Dorsal forebrain"
"ENSG00000162889","MAPKAPK2","Dorsal forebrain"
"ENSG00000100592","DAAM1","Dorsal forebrain"
"ENSG00000283010",NA,"Dorsal forebrain"
"ENSG00000002933","TMEM176A","Dorsal forebrain"
"ENSG00000185650","ZFP36L1","Dorsal forebrain"
"ENSG00000074590","NUAK1","Dorsal forebrain"
"ENSG00000163545","NUAK2","Dorsal forebrain"
"ENSG00000150394","CDH8","Dorsal forebrain"
"ENSG00000156639","ZFAND3","Dorsal forebrain"
"ENSG00000198771","RCSD1","Dorsal forebrain"
"ENSG00000181773","GPR3","Dorsal forebrain"
"ENSG00000153815","CMIP","Dorsal forebrain"
"ENSG00000227992",NA,"Dorsal forebrain"
"ENSG00000118307","DNAI7","Dorsal forebrain"
"ENSG00000138495","COX17","Dorsal forebrain"
"ENSG00000006634","DBF4","Dorsal forebrain"
"ENSG00000159263","SIM2","Dorsal forebrain"
"ENSG00000154640","BTG3","Dorsal forebrain"
"ENSG00000141433","ADCYAP1","Dorsal forebrain"
"ENSG00000119862","LGALSL","Dorsal forebrain"
"ENSG00000151474","FRMD4A","Dorsal forebrain"
"ENSG00000196937","FAM3C","Dorsal forebrain"
"ENSG00000173530","TNFRSF10D","Dorsal forebrain"
"ENSG00000275216",NA,"Dorsal forebrain"
"ENSG00000177106","EPS8L2","Dorsal forebrain"
"ENSG00000131080","EDA2R","Dorsal forebrain"
"ENSG00000134574","DDB2","Dorsal forebrain"
"ENSG00000228526","MIR34AHG","Dorsal forebrain"
"ENSG00000118263","KLF7","Dorsal forebrain"
"ENSG00000183036","PCP4","Dorsal forebrain"
"ENSG00000257501","PAFAH1B2P2","Dorsal forebrain"
"ENSG00000136048","DRAM1","Dorsal forebrain"
"ENSG00000116514","RNF19B","Dorsal forebrain"
"ENSG00000111145","ELK3","Dorsal forebrain"
"ENSG00000116717","GADD45A","Dorsal forebrain"
"ENSG00000280485",NA,"Dorsal forebrain"
"ENSG00000108231","LGI1","Dorsal forebrain"
"ENSG00000280660",NA,"Dorsal forebrain"
"ENSG00000184254","ALDH1A3","Dorsal forebrain"
"ENSG00000080546","SESN1","Dorsal forebrain"
"ENSG00000119547","ONECUT2","Dorsal forebrain"
"ENSG00000105327","BBC3","Dorsal forebrain"
"ENSG00000143228","NUF2","Dorsal forebrain"
"ENSG00000118193","KIF14","Dorsal forebrain"
"ENSG00000114346","ECT2","Dorsal forebrain"
"ENSG00000113810","SMC4","Dorsal forebrain"
"ENSG00000142945","KIF2C","Dorsal forebrain"
"ENSG00000164611","PTTG1","Dorsal forebrain"
"ENSG00000123975","CKS2","Dorsal forebrain"
"ENSG00000131747","TOP2A","Dorsal forebrain"
"ENSG00000120318","ARAP3","Dorsal forebrain"
"ENSG00000155903","RASA2","Dorsal forebrain"
"ENSG00000104177","MYEF2","Dorsal forebrain"
"ENSG00000147894","C9orf72","Dorsal forebrain"
"ENSG00000167654","ATCAY","Dorsal forebrain"
"ENSG00000172175","MALT1","Dorsal forebrain"
"ENSG00000164466","SFXN1","Dorsal forebrain"
"ENSG00000167196","FBXO22","Dorsal forebrain"
"ENSG00000198887","SMC5","Dorsal forebrain"
"ENSG00000261609","GAN","Dorsal forebrain"
"ENSG00000173276","ZBTB21","Dorsal forebrain"
"ENSG00000126778","SIX1","Dorsal forebrain"
"ENSG00000138623","SEMA7A","Dorsal forebrain"
"ENSG00000239653","PSMD6-AS2","Dorsal forebrain"
"ENSG00000078304","PPP2R5C","Dorsal forebrain"
"ENSG00000115884","SDC1","Dorsal forebrain"
"ENSG00000156136","DCK","Dorsal forebrain"
"ENSG00000130595","TNNT3","Dorsal forebrain"
"ENSG00000199366",NA,"Dorsal forebrain"
"ENSG00000196376","SLC35F1","Dorsal forebrain"
"ENSG00000145526","CDH18","Dorsal forebrain"
"ENSG00000153012","LGI2","Dorsal forebrain"
"ENSG00000179314","WSCD1","Dorsal forebrain"
"ENSG00000186577","SMIM29","Dorsal forebrain"
"ENSG00000164951","PDP1","Dorsal forebrain"
"ENSG00000124785","NRN1","Dorsal forebrain"
"ENSG00000144583","MARCHF4","Dorsal forebrain"
"ENSG00000120265","PCMT1","Dorsal forebrain"
"ENSG00000213145","CRIP1","Dorsal forebrain"
"ENSG00000120549","KIAA1217","Dorsal forebrain"
"ENSG00000204442","NALF1","Dorsal forebrain"
"ENSG00000163923","RPL39L","Dorsal forebrain"
"ENSG00000184144","CNTN2","Dorsal forebrain"
"ENSG00000133048","CHI3L1","Dorsal forebrain"
"ENSG00000161638","ITGA5","Dorsal forebrain"
"ENSG00000183876","ARSI","Dorsal forebrain"
"ENSG00000137267","TUBB2A","Dorsal forebrain"
"ENSG00000049449","RCN1","Dorsal forebrain"
"ENSG00000236801","RPL24P8","Dorsal forebrain"
"ENSG00000113916","BCL6","Dorsal forebrain"
"ENSG00000068366","ACSL4","Dorsal forebrain"
"ENSG00000117592","PRDX6","Dorsal forebrain"
"ENSG00000173812","EIF1","Dorsal forebrain"
"ENSG00000168003","SLC3A2","Dorsal forebrain"
"ENSG00000120254","MTHFD1L","Dorsal forebrain"
"ENSG00000105281","SLC1A5","Dorsal forebrain"
"ENSG00000076716","GPC4","Dorsal forebrain"
"ENSG00000069849","ATP1B3","Dorsal forebrain"
"ENSG00000250366","TUNAR","Dorsal forebrain"
"ENSG00000111913","RIPOR2","Dorsal forebrain"
"ENSG00000205726","ITSN1","Dorsal forebrain"
"ENSG00000109189","USP46","Dorsal forebrain"
"ENSG00000249992","TMEM158","Dorsal forebrain"
"ENSG00000173207","CKS1B","Dorsal forebrain"
"ENSG00000097021","ACOT7","Dorsal forebrain"
"ENSG00000077152","UBE2T","Dorsal forebrain"
"ENSG00000165891","E2F7","Dorsal forebrain"
"ENSG00000140525","FANCI","Dorsal forebrain"
"ENSG00000198947","DMD","Dorsal forebrain"
"ENSG00000172020","GAP43","Dorsal forebrain"
"ENSG00000142089","IFITM3","Dorsal forebrain"
"ENSG00000170275","CRTAP","Dorsal forebrain"
"ENSG00000066468","FGFR2","Dorsal forebrain"
"ENSG00000148798","INA","Dorsal forebrain"
"ENSG00000171724","VAT1L","Dorsal forebrain"
"ENSG00000187094","CCK","Dorsal forebrain"
"ENSG00000118733","OLFM3","Dorsal forebrain"
"ENSG00000135002","RFK","Dorsal forebrain"
"ENSG00000203706",NA,"Dorsal forebrain"
"ENSG00000072110","ACTN1","Dorsal forebrain"
"ENSG00000035403","VCL","Dorsal forebrain"
"ENSG00000136868","SLC31A1","Dorsal forebrain"
"ENSG00000089693","MLF2","Dorsal forebrain"
"ENSG00000162188","GNG3","Dorsal forebrain"
"ENSG00000136159","NUDT15","Dorsal forebrain"
"ENSG00000164051","CCDC51","Dorsal forebrain"
"ENSG00000204899","MZT1","Dorsal forebrain"
"ENSG00000177426","TGIF1","Dorsal forebrain"
"ENSG00000145990","GFOD1","Dorsal forebrain"
"ENSG00000115596","WNT6","Dorsal forebrain"
"ENSG00000173157","ADAMTS20","Dorsal forebrain"
"ENSG00000173848","NET1","Dorsal forebrain"
"ENSG00000123983","ACSL3","Dorsal forebrain"
"ENSG00000070961","ATP2B1","Dorsal forebrain"
"ENSG00000147251","DOCK11","Dorsal forebrain"
"ENSG00000148700","ADD3","Dorsal forebrain"
"ENSG00000167460","TPM4","Dorsal forebrain"
"ENSG00000147065","MSN","Dorsal forebrain"
"ENSG00000106772","PRUNE2","Dorsal forebrain"
"ENSG00000158985","CDC42SE2","Dorsal forebrain"
"ENSG00000092621","PHGDH","Dorsal forebrain"
"ENSG00000158966","CACHD1","Dorsal forebrain"
"ENSG00000152413","HOMER1","Dorsal forebrain"
"ENSG00000167081","PBX3","Dorsal forebrain"
"ENSG00000203760","CENPW","Dorsal forebrain"
"ENSG00000069275","NUCKS1","Dorsal forebrain"
"ENSG00000120885","CLU","Dorsal forebrain"
"ENSG00000182968","SOX1","Dorsal forebrain"
"ENSG00000187210","GCNT1","Dorsal forebrain"
"ENSG00000175352","NRIP3","Dorsal forebrain"
"ENSG00000134215","VAV3","Dorsal forebrain"
"ENSG00000182247","UBE2E2","Dorsal forebrain"
"ENSG00000163485","ADORA1","Dorsal forebrain"
"ENSG00000075884","ARHGAP15","Dorsal forebrain"
"ENSG00000143153","ATP1B1","Dorsal forebrain"
"ENSG00000228999","LOC124908056","Dorsal forebrain"
"ENSG00000177337",NA,"Dorsal forebrain"
"ENSG00000130830","MPP1","Dorsal forebrain"
"ENSG00000114450","GNB4","Dorsal forebrain"
"ENSG00000160888","IER2","Dorsal forebrain"
"ENSG00000155052","CNTNAP5","Dorsal forebrain"
"ENSG00000154917","RAB6B","Dorsal forebrain"
"ENSG00000118407","FILIP1","Dorsal forebrain"
"ENSG00000173334","TRIB1","Dorsal forebrain"
"ENSG00000122779","TRIM24","Dorsal forebrain"
"ENSG00000089159","PXN","Dorsal forebrain"
"ENSG00000184515","BEX5","Dorsal forebrain"
"ENSG00000133069","TMCC2","Dorsal forebrain"
"ENSG00000116675","DNAJC6","Dorsal forebrain"
"ENSG00000224243","SOX1-OT","Dorsal forebrain"
"ENSG00000164300","SERINC5","Dorsal forebrain"
"ENSG00000156675","RAB11FIP1","Dorsal forebrain"
"ENSG00000059804","SLC2A3","Dorsal forebrain"
"ENSG00000189120","SP6","Dorsal forebrain"
"ENSG00000115457","IGFBP2","Dorsal forebrain"
"ENSG00000120539","MASTL","Dorsal forebrain"
"ENSG00000074181","NOTCH3","Dorsal forebrain"
"ENSG00000154134","ROBO3","Dorsal forebrain"
"ENSG00000099875","MKNK2","Dorsal forebrain"
"ENSG00000116679","IVNS1ABP","Dorsal forebrain"
"ENSG00000180616","SSTR2","Dorsal forebrain"
"ENSG00000075711","DLG1","Dorsal forebrain"
"ENSG00000135045","C9orf40","Dorsal forebrain"
"ENSG00000099204","ABLIM1","Dorsal forebrain"
"ENSG00000116991","SIPA1L2","Dorsal forebrain"
"ENSG00000250208","FZD10-AS1","Dorsal forebrain"
"ENSG00000136504","KAT7","Dorsal forebrain"
"ENSG00000201289","RN7SKP76","Dorsal forebrain"
"ENSG00000157927","RADIL","Dorsal forebrain"
"ENSG00000171450","CDK5R2","Dorsal forebrain"
"ENSG00000170836","PPM1D","Dorsal forebrain"
"ENSG00000082497","SERTAD4","Dorsal forebrain"
"ENSG00000278926",NA,"Dorsal forebrain"
"ENSG00000134253","TRIM45","Dorsal forebrain"
"ENSG00000168811","IL12A","Dorsal forebrain"
"ENSG00000188522","FAM83G","Dorsal forebrain"
"ENSG00000128165","ADM2","Dorsal forebrain"
"ENSG00000056487","PHF21B","Dorsal forebrain"
"ENSG00000137266","SLC22A23","Dorsal forebrain"
"ENSG00000160209","PDXK","Dorsal forebrain"
"ENSG00000262001",NA,"Early differentiation"
"ENSG00000109911","ELP4","Early differentiation"
"ENSG00000151233","GXYLT1","Early differentiation"
"ENSG00000117139","KDM5B","Early differentiation"
"ENSG00000074047","GLI2","Early differentiation"
"ENSG00000131504","DIAPH1","Early differentiation"
"ENSG00000154639","CXADR","Early differentiation"
"ENSG00000096696","DSP","Early differentiation"
"ENSG00000187772","LIN28B","Early differentiation"
"ENSG00000166840","GLYATL1","Early differentiation"
"ENSG00000075340","ADD2","Early differentiation"
"ENSG00000132953","XPO4","Early differentiation"
"ENSG00000248528",NA,"Early differentiation"
"ENSG00000136982","DSCC1","Early differentiation"
"ENSG00000106077","ABHD11","Early differentiation"
"ENSG00000167513","CDT1","Early differentiation"
"ENSG00000198554","WDHD1","Early differentiation"
"ENSG00000080854","IGSF9B","Early differentiation"
"ENSG00000173698","ADGRG2","Early differentiation"
"ENSG00000064419","TNPO3","Early differentiation"
"ENSG00000225077",NA,"Early differentiation"
"ENSG00000179915","NRXN1","Early differentiation"
"ENSG00000135525","MAP7","Early differentiation"
"ENSG00000174951","FUT1","Early differentiation"
"ENSG00000215417","MIR17HG","Early differentiation"
"ENSG00000127423","AUNIP","Early differentiation"
"ENSG00000272619",NA,"Early differentiation"
"ENSG00000198155",NA,"Early differentiation"
"ENSG00000253731","PCDHGA6","Early differentiation"
"ENSG00000129534","MIS18BP1","Early differentiation"
"ENSG00000127184","COX7C","Early differentiation"
"ENSG00000106591","MRPL32","Early differentiation"
"ENSG00000148985","PGAP2","Early differentiation"
"ENSG00000147687","TATDN1","Early differentiation"
"ENSG00000109689","STIM2","Early differentiation"
"ENSG00000142864","SERBP1","Early differentiation"
"ENSG00000005022","SLC25A5","Early differentiation"
"ENSG00000165175","MID1IP1","Early differentiation"
"ENSG00000137955","RABGGTB","Early differentiation"
"ENSG00000101361","NOP56","Early differentiation"
"ENSG00000204370","SDHD","Early differentiation"
"ENSG00000174607","UGT8","Early differentiation"
"ENSG00000125730","C3","Early differentiation"
"ENSG00000185532","PRKG1","Early differentiation"
"ENSG00000196139","AKR1C3","Early differentiation"
"ENSG00000115816","CEBPZ","Early differentiation"
"ENSG00000154645","CHODL","Early differentiation"
"ENSG00000003509","NDUFAF7","Early differentiation"
"ENSG00000272398","CD24","Early differentiation"
"ENSG00000159079","CFAP298","Early differentiation"
"ENSG00000274373",NA,"Early differentiation"
"ENSG00000124839","RAB17","Early differentiation"
"ENSG00000148680","HTR7","Early differentiation"
"ENSG00000223572","CKMT1B","Early differentiation"
"ENSG00000150594","ADRA2A","Early differentiation"
"ENSG00000113460","BRIX1","Early differentiation"
"ENSG00000177192","PUS1","Early differentiation"
"ENSG00000060140","STYK1","Early differentiation"
"ENSG00000146701","MDH2","Early differentiation"
"ENSG00000156928","MALSU1","Early differentiation"
"ENSG00000197498","RPF2","Early differentiation"
"ENSG00000165732","DDX21","Early differentiation"
"ENSG00000088832","FKBP1A","Early differentiation"
"ENSG00000135940","COX5B","Early differentiation"
"ENSG00000160124","MIX23","Early differentiation"
"ENSG00000128951","DUT","Early differentiation"
"ENSG00000167747","C19orf48P","Early differentiation"
"ENSG00000144354","CDCA7","Early differentiation"
"ENSG00000163029","SMC6","Early differentiation"
"ENSG00000152056","AP1S3","Early differentiation"
"ENSG00000183742","MACC1","Early differentiation"
"ENSG00000143970","ASXL2","Early differentiation"
"ENSG00000184809",NA,"Early differentiation"
"ENSG00000127831","VIL1","Early differentiation"
"ENSG00000183778","B3GALT5","Early differentiation"
"ENSG00000163002","NUP35","Early differentiation"
"ENSG00000077348","EXOSC5","Early differentiation"
"ENSG00000250046",NA,"Early differentiation"
"ENSG00000262943",NA,"Early differentiation"
"ENSG00000233834","GIRGL","Early differentiation"
"ENSG00000261236","BOP1","Early differentiation"
"ENSG00000073536","NLE1","Early differentiation"
"ENSG00000106263","EIF3B","Early differentiation"
"ENSG00000169783","LINGO1","Early differentiation"
"ENSG00000198087","CD2AP","Early differentiation"
"ENSG00000065618","COL17A1","Early differentiation"
"ENSG00000177098","SCN4B","Early differentiation"
"ENSG00000139629","GALNT6","Early differentiation"
"ENSG00000165349","SLC7A3","Early differentiation"
"ENSG00000249859","PVT1","Early differentiation"
"ENSG00000134323","MYCN","Early differentiation"
"ENSG00000261786",NA,"Early differentiation"
"ENSG00000155980","KIF5A","Early differentiation"
"ENSG00000104327","CALB1","Early differentiation"
"ENSG00000059378","PARP12","Early differentiation"
"ENSG00000104213","PDGFRL","Early differentiation"
"ENSG00000121904","CSMD2","Early differentiation"
"ENSG00000226419","SLC16A1-AS1","Early differentiation"
"ENSG00000196876","SCN8A","Early differentiation"
"ENSG00000103044","HAS3","Early differentiation"
"ENSG00000281398",NA,"Early differentiation"
"ENSG00000204581","ACOXL-AS1","Early differentiation"
"ENSG00000236330","RPL5P9","Early differentiation"
"ENSG00000153093","ACOXL","Early differentiation"
"ENSG00000089006","SNX5","Early differentiation"
"ENSG00000084774","CAD","Early differentiation"
"ENSG00000188848","BEND4","Early differentiation"
"ENSG00000156453","PCDH1","Early differentiation"
"ENSG00000142408","CACNG8","Early differentiation"
"ENSG00000141738","GRB7","Early differentiation"
"ENSG00000187514","PTMA","Early differentiation"
"ENSG00000170608","FOXA3","Early differentiation"
"ENSG00000197594","ENPP1","Early differentiation"
"ENSG00000256995",NA,"Early differentiation"
"ENSG00000134873","CLDN10","Early differentiation"
"ENSG00000120659","TNFSF11","Early differentiation"
"ENSG00000003400","CASP10","Early differentiation"
"ENSG00000144791","LIMD1","Early differentiation"
"ENSG00000198203","SULT1C2","Early differentiation"
"ENSG00000113569","NUP155","Early differentiation"
"ENSG00000115738","ID2","Early differentiation"
"ENSG00000137309","HMGA1","Early differentiation"
"ENSG00000105202","FBL","Early differentiation"
"ENSG00000137818","RPLP1","Early differentiation"
"ENSG00000175220","ARHGAP1","Early differentiation"
"ENSG00000130303","BST2","Early differentiation"
"ENSG00000075035","WSCD2","Early differentiation"
"ENSG00000100767","PAPLN","Early differentiation"
"ENSG00000168671","UGT3A2","Early differentiation"
"ENSG00000172053","QARS1","Early differentiation"
"ENSG00000179761","PIPOX","Early differentiation"
"ENSG00000108679","LGALS3BP","Early differentiation"
"ENSG00000063180","CA11","Early differentiation"
"ENSG00000108107","RPL28","Early differentiation"
"ENSG00000167658","EEF2","Early differentiation"
"ENSG00000133980","VRTN","Early differentiation"
"ENSG00000168028","RPSA","Early differentiation"
"ENSG00000017260","ATP2C1","Early differentiation"
"ENSG00000064102","INTS13","Early differentiation"
"ENSG00000145545","SRD5A1","Early differentiation"
"ENSG00000164985","PSIP1","Early differentiation"
"ENSG00000128050","PAICS","Early differentiation"
"ENSG00000119335","SET","Early differentiation"
"ENSG00000178982","EIF3K","Early differentiation"
"ENSG00000174547","MRPL11","Early differentiation"
"ENSG00000147684","NDUFB9","Early differentiation"
"ENSG00000119705","SLIRP","Early differentiation"
"ENSG00000107951","MTPAP","Early differentiation"
"ENSG00000128789","PSMG2","Early differentiation"
"ENSG00000107581","EIF3A","Early differentiation"
"ENSG00000080608","PUM3","Early differentiation"
"ENSG00000198498","TMA16","Early differentiation"
"ENSG00000122882","ECD","Early differentiation"
"ENSG00000113048","MRPS27","Early differentiation"
"ENSG00000269343","ZNF587B","Early differentiation"
"ENSG00000198586","TLK1","Early differentiation"
"ENSG00000188846","RPL14","Early differentiation"
"ENSG00000197728","RPS26","Early differentiation"
"ENSG00000114391","RPL24","Early differentiation"
"ENSG00000083845","RPS5","Early differentiation"
"ENSG00000143947","RPS27A","Early differentiation"
"ENSG00000181163","NPM1","Early differentiation"
"ENSG00000101132","PFDN4","Early differentiation"
"ENSG00000130741","EIF2S3","Early differentiation"
"ENSG00000186184","POLR1D","Early differentiation"
"ENSG00000070756","PABPC1","Early differentiation"
"ENSG00000203875","SNHG5","Early differentiation"
"ENSG00000089157","RPLP0","Early differentiation"
"ENSG00000130939","UBE4B","Early differentiation"
"ENSG00000198938","COX3","Early differentiation"
"ENSG00000151131","NOPCHAP1","Early differentiation"
"ENSG00000137574","TGS1","Early differentiation"
"ENSG00000196504","PRPF40A","Early differentiation"
"ENSG00000120800","UTP20","Early differentiation"
"ENSG00000137225","CAPN11","Early differentiation"
"ENSG00000081803","CADPS2","Early differentiation"
"ENSG00000084092","NOA1","Early differentiation"
"ENSG00000104872","PIH1D1","Early differentiation"
"ENSG00000156299","TIAM1","Early differentiation"
"ENSG00000118160","SLC8A2","Early differentiation"
"ENSG00000105289","TJP3","Early differentiation"
"ENSG00000165905","LARGE2","Early differentiation"
"ENSG00000213889","PPM1N","Early differentiation"
"ENSG00000162551","ALPL","Early differentiation"
"ENSG00000189143","CLDN4","Early differentiation"
"ENSG00000119782","FKBP1B","Early differentiation"
"ENSG00000122482","ZNF644","Early differentiation"
"ENSG00000198865","CCDC152","Early differentiation"
"ENSG00000175274","TP53I11","Early differentiation"
"ENSG00000111846","GCNT2","Early differentiation"
"ENSG00000105048","TNNT1","Early differentiation"
"ENSG00000196358","NTNG2","Early differentiation"
"ENSG00000146535","GNA12","Early differentiation"
"ENSG00000213516","RBMXL1","Early differentiation"
"ENSG00000142207","URB1","Early differentiation"
"ENSG00000150510","FAM124A","Early differentiation"
"ENSG00000111962","UST","Early differentiation"
"ENSG00000043355","ZIC2","Early differentiation"
"ENSG00000177156","TALDO1","Early differentiation"
"ENSG00000139800","ZIC5","Early differentiation"
"ENSG00000269404","SPIB","Early differentiation"
"ENSG00000149782","PLCB3","Early differentiation"
"ENSG00000018625","ATP1A2","Early differentiation"
"ENSG00000156925","ZIC3","Early differentiation"
"ENSG00000130707","ASS1","Early differentiation"
"ENSG00000178035","IMPDH2","Early differentiation"
"ENSG00000136943","CTSV","Early differentiation"
"ENSG00000179059","ZFP42","Early differentiation"
"ENSG00000183765","CHEK2","Early differentiation"
"ENSG00000169679","BUB1","Early differentiation"
"ENSG00000138182","KIF20B","Early differentiation"
"ENSG00000058804","NDC1","Early differentiation"
"ENSG00000201608","RNU4-42P","Early differentiation"
"ENSG00000275549","STPG3-AS1","Early differentiation"
"ENSG00000274701",NA,"Early differentiation"
"ENSG00000280142",NA,"Early differentiation"
"ENSG00000156504","PABIR2","Early differentiation"
"ENSG00000197157","SND1","Early differentiation"
"ENSG00000279531",NA,"Early differentiation"
"ENSG00000171759","PAH","Early differentiation"
"ENSG00000261437","LINC02894","Early differentiation"
"ENSG00000185666","SYN3","Early differentiation"
"ENSG00000249532","MIR302CHG","Early differentiation"
"ENSG00000242125","SNHG3","Early differentiation"
"ENSG00000089048","ESF1","Early differentiation"
"ENSG00000175707","KDF1","Early differentiation"
"ENSG00000101347","SAMHD1","Early differentiation"
"ENSG00000060749","QSER1","Early differentiation"
"ENSG00000188282","RUFY4","Early differentiation"
"ENSG00000269893","SNHG8","Early differentiation"
"ENSG00000280780","JAKMIP2-AS1","Early differentiation"
"ENSG00000164265","SCGB3A2","Early differentiation"
"ENSG00000039068","CDH1","Early differentiation"
"ENSG00000260798",NA,"Early differentiation"
"ENSG00000182866","LCK","Early differentiation"
"ENSG00000130182","ZSCAN10","Early differentiation"
"ENSG00000147676","MAL2","Early differentiation"
"ENSG00000141384","TAF4B","Early differentiation"
"ENSG00000189398","OR7E12P","Early differentiation"
"ENSG00000157110","RBPMS","Early differentiation"
"ENSG00000132698","RAB25","Early differentiation"
"ENSG00000158769","F11R","Early differentiation"
"ENSG00000229618",NA,"Early differentiation"
"ENSG00000164626","KCNK5","Early differentiation"
"ENSG00000178105","DDX10","Early differentiation"
"ENSG00000116670","MAD2L2","Early differentiation"
"ENSG00000104332","SFRP1","Early differentiation"
"ENSG00000121570","DPPA4","Early differentiation"
"ENSG00000084636","COL16A1","Early differentiation"
"ENSG00000186838","SELENOV","Early differentiation"
"ENSG00000235688",NA,"Early differentiation"
"ENSG00000008083","JARID2","Early differentiation"
"ENSG00000164048","ZNF589","Early differentiation"
"ENSG00000115290","GRB14","Early differentiation"
"ENSG00000241002","RPL32P13","Early differentiation"
"ENSG00000117595","IRF6","Early differentiation"
"ENSG00000149418","ST14","Early differentiation"
"ENSG00000105926","PALS2","Early differentiation"
"ENSG00000080345","RIF1","Early differentiation"
"ENSG00000277200","CCDC92B","Early differentiation"
"ENSG00000153094","BCL2L11","Early differentiation"
"ENSG00000104714","ERICH1","Early differentiation"
"ENSG00000272079",NA,"Early differentiation"
"ENSG00000255717","SNHG1","Early differentiation"
"ENSG00000121207","LRAT","Early differentiation"
"ENSG00000104413","ESRP1","Early differentiation"
"ENSG00000166145","SPINT1","Early differentiation"
"ENSG00000131653","TRAF7","Early differentiation"
"ENSG00000198246","SLC29A3","Early differentiation"
"ENSG00000065882","TBC1D1","Early differentiation"
"ENSG00000075043","KCNQ2","Early differentiation"
"ENSG00000286707",NA,"Early differentiation"
"ENSG00000186716","BCR","Early differentiation"
"ENSG00000139835","GRTP1","Early differentiation"
"ENSG00000065361","ERBB3","Early differentiation"
"ENSG00000066735","KIF26A","Early differentiation"
"ENSG00000157214","STEAP2","Early differentiation"
"ENSG00000148357","HMCN2","Early differentiation"
"ENSG00000187266","EPOR","Early differentiation"
"ENSG00000224078",NA,"Early differentiation"
"ENSG00000248927",NA,"Early differentiation"
"ENSG00000183077","AFMID","Early differentiation"
"ENSG00000184428","TOP1MT","Early differentiation"
"ENSG00000196743","GM2A","Early differentiation"
"ENSG00000116260","QSOX1","Early differentiation"
"ENSG00000230623",NA,"Early differentiation"
"ENSG00000109586","GALNT7","Early differentiation"
"ENSG00000176402","GJC3","Early differentiation"
"ENSG00000141934","PLPP2","Early differentiation"
"ENSG00000137124","ALDH1B1","Early differentiation"
"ENSG00000167281","RBFOX3","Early differentiation"
"ENSG00000088992","TESC","Early differentiation"
"ENSG00000119888","EPCAM","Early differentiation"
"ENSG00000112379","ARFGEF3","Early differentiation"
"ENSG00000046604","DSG2","Early differentiation"
"ENSG00000250519",NA,"Early differentiation"
"ENSG00000112812","PRSS16","Early differentiation"
"ENSG00000137073","UBAP2","Early differentiation"
"ENSG00000267040","ATP8B1-AS1","Early differentiation"
"ENSG00000130720","FIBCD1","Early differentiation"
"ENSG00000167635","ZNF146","Early differentiation"
"ENSG00000121897","LIAS","Early differentiation"
"ENSG00000257084","MIR200CHG","Early differentiation"
"ENSG00000198042","MAK16","Early differentiation"
"ENSG00000091127","PUS7","Early differentiation"
"ENSG00000171425","ZNF581","Early differentiation"
"ENSG00000159374","M1AP","Early differentiation"
"ENSG00000146830","GIGYF1","Early differentiation"
"ENSG00000152213","ARL11","Early differentiation"
"ENSG00000085760","MTIF2","Early differentiation"
"ENSG00000159111","MRPL10","Early differentiation"
"ENSG00000204628","RACK1","Early differentiation"
"ENSG00000172809","RPL38","Early differentiation"
"ENSG00000177600","RPLP2","Early differentiation"
"ENSG00000105640","RPL18A","Early differentiation"
"ENSG00000149273","RPS3","Early differentiation"
"ENSG00000140988","RPS2","Early differentiation"
"ENSG00000104408","EIF3E","Early differentiation"
"ENSG00000142676","RPL11","Early differentiation"
"ENSG00000105373","NOP53","Early differentiation"
"ENSG00000162244","RPL29","Early differentiation"
"ENSG00000105193","RPS16","Early differentiation"
"ENSG00000166441","RPL27A","Early differentiation"
"ENSG00000161016","RPL8","Early differentiation"
"ENSG00000171858","RPS21","Early differentiation"
"ENSG00000112306","RPS12","Early differentiation"
"ENSG00000142541","RPL13A","Early differentiation"
"ENSG00000174444","RPL4","Early differentiation"
"ENSG00000173660","UQCRH","Early differentiation"
"ENSG00000213741","RPS29","Early differentiation"
"ENSG00000137154","RPS6","Early differentiation"
"ENSG00000231500","RPS18","Early differentiation"
"ENSG00000070214","SLC44A1","Early differentiation"
"ENSG00000163704","PRRT3","Early differentiation"
"ENSG00000197958","RPL12","Early differentiation"
"ENSG00000197756","RPL37A","Early differentiation"
"ENSG00000147604","RPL7","Early differentiation"
"ENSG00000122406","RPL5","Early differentiation"
"ENSG00000171863","RPS7","Early differentiation"
"ENSG00000243004",NA,"Early differentiation"
"ENSG00000261183","SPINT1-AS1","Early differentiation"
"ENSG00000086712","TXLNG","Early differentiation"
"ENSG00000215021","PHB2","Early differentiation"
"ENSG00000124523","SIRT5","Early differentiation"
"ENSG00000248152","ANK2-AS1","Early differentiation"
"ENSG00000138750","NUP54","Early differentiation"
"ENSG00000161249","DMKN","Early differentiation"
"ENSG00000232677","LINC00665","Early differentiation"
"ENSG00000057935","MTA3","Early differentiation"
"ENSG00000240563","L1TD1","Early differentiation"
"ENSG00000146530","VWDE","Early differentiation"
"ENSG00000105523","FAM83E","Early differentiation"
"ENSG00000274286","ADRA2B","Early differentiation"
"ENSG00000165983","PTER","Early differentiation"
"ENSG00000123213","NLN","Early differentiation"
"ENSG00000111640","GAPDH","Early differentiation"
"ENSG00000145833","DDX46","Early differentiation"
"ENSG00000107833","NPM3","Early differentiation"
"ENSG00000203668","CHML","Early differentiation"
"ENSG00000157992","KRTCAP3","Early differentiation"
"ENSG00000088305","DNMT3B","Early differentiation"
"ENSG00000113657","DPYSL3","Early differentiation"
"ENSG00000162490","DRAXIN","Early differentiation"
"ENSG00000111144","LTA4H","Early differentiation"
"ENSG00000149476","TKFC","Early differentiation"
"ENSG00000181392","SYNE4","Early differentiation"
"ENSG00000128040","SPINK2","Early differentiation"
"ENSG00000265574",NA,"Early differentiation"
"ENSG00000280435",NA,"Early differentiation"
"ENSG00000146955","RAB19","Early differentiation"
"ENSG00000102763","VWA8","Early differentiation"
"ENSG00000123643","SLC36A1","Early differentiation"
"ENSG00000118242","MREG","Early differentiation"
"ENSG00000020256","ZFP64","Early differentiation"
"ENSG00000134508","CABLES1","Early differentiation"
"ENSG00000248750",NA,"Early differentiation"
"ENSG00000158825","CDA","Early differentiation"
"ENSG00000182667","NTM","Early differentiation"
"ENSG00000013306","SLC25A39","Early differentiation"
"ENSG00000103067","ESRP2","Early differentiation"
"ENSG00000185156","MFSD6L","Early differentiation"
"ENSG00000123405","NFE2","Early differentiation"
"ENSG00000132330","SCLY","Early differentiation"
"ENSG00000137509","PRCP","Early differentiation"
"ENSG00000116830","TTF2","Early differentiation"
"ENSG00000133703","KRAS","Early differentiation"
"ENSG00000260459",NA,"Early differentiation"
"ENSG00000166736","HTR3A","Early differentiation"
"ENSG00000181192","DHTKD1","Early differentiation"
"ENSG00000164266","SPINK1","Early differentiation"
"ENSG00000140832","MARVELD3","Early differentiation"
"ENSG00000135750","KCNK1","Early differentiation"
"ENSG00000182107","TMEM30B","Early differentiation"
"ENSG00000010278","CD9","Early differentiation"
"ENSG00000009950","MLXIPL","Early differentiation"
"ENSG00000111752","PHC1","Early differentiation"
"ENSG00000058085","LAMC2","Early differentiation"
"ENSG00000171794","UTF1","Early differentiation"
"ENSG00000188770","OPTC","Early differentiation"
"ENSG00000119411","BSPRY","Early differentiation"
"ENSG00000105707","HPN","Early differentiation"
"ENSG00000136842","TMOD1","Early differentiation"
"ENSG00000044459","CNTLN","Early differentiation"
"ENSG00000165731","RET","Early differentiation"
"ENSG00000054179","ENTPD2","Early differentiation"
"ENSG00000106078","COBL","Early differentiation"
"ENSG00000101282","RSPO4","Early differentiation"
"ENSG00000198626","RYR2","Early differentiation"
"ENSG00000145685","LHFPL2","Early differentiation"
"ENSG00000163882","POLR2H","Early differentiation"
"ENSG00000287925",NA,"Early differentiation"
"ENSG00000185905","C16orf54","Early differentiation"
"ENSG00000259223",NA,"Early differentiation"
"ENSG00000264164",NA,"Early differentiation"
"ENSG00000138135","CH25H","Early differentiation"
"ENSG00000108091","CCDC6","Early differentiation"
"ENSG00000109861","CTSC","Early differentiation"
"ENSG00000138768","USO1","Early differentiation"
"ENSG00000260912",NA,"Early differentiation"
"ENSG00000113356","POLR3G","Early differentiation"
"ENSG00000184012","TMPRSS2","Early differentiation"
"ENSG00000043143","JADE2","Early differentiation"
"ENSG00000146904","EPHA1","Early differentiation"
"ENSG00000172197","MBOAT1","Early differentiation"
"ENSG00000185483","ROR1","Early differentiation"
"ENSG00000223949","ROR1-AS1","Early differentiation"
"ENSG00000061492","WNT8A","Early differentiation"
"ENSG00000156959","LHFPL4","Early differentiation"
"ENSG00000181896","ZNF101","Early differentiation"
"ENSG00000151224","MAT1A","Early differentiation"
"ENSG00000213988","ZNF90","Early differentiation"
"ENSG00000187720","THSD4","Early differentiation"
"ENSG00000102996","MMP15","Early differentiation"
"ENSG00000168502","MTCL1","Early differentiation"
"ENSG00000116661","FBXO2","Early differentiation"
"ENSG00000159712",NA,"Early differentiation"
"ENSG00000178718","RPP25","Early differentiation"
"ENSG00000152061","RABGAP1L","Early differentiation"
"ENSG00000076770","MBNL3","Early differentiation"
"ENSG00000080709","KCNN2","Early differentiation"
"ENSG00000163710","PCOLCE2","Early differentiation"
"ENSG00000184697","CLDN6","Early differentiation"
"ENSG00000181885","CLDN7","Early differentiation"
"ENSG00000125571","IL37","Early differentiation"
"ENSG00000164251","F2RL1","Early differentiation"
"ENSG00000185339","TCN2","Early differentiation"
"ENSG00000139364","TMEM132B","Early differentiation"
"ENSG00000163814","CDCP1","Early differentiation"
"ENSG00000154473","BUB3","Early differentiation"
"ENSG00000164142","FHIP1A","Early differentiation"
"ENSG00000008516","MMP25","Early differentiation"
"ENSG00000258593",NA,"Early differentiation"
"ENSG00000115107","STEAP3","Early differentiation"
"ENSG00000224039",NA,"Early differentiation"
"ENSG00000092345","DAZL","Early differentiation"
"ENSG00000229271",NA,"Early differentiation"
"ENSG00000143494","VASH2","Early differentiation"
"ENSG00000121057","AKAP1","Early differentiation"
"ENSG00000237289","CKMT1B","Early differentiation"
"ENSG00000198931","APRT","Early differentiation"
"ENSG00000254252","RPL7P20","Early differentiation"
"ENSG00000231698",NA,"Early differentiation"
"ENSG00000133477","FAM83F","Early differentiation"
"ENSG00000130203","APOE","Early differentiation"
"ENSG00000172819","RARG","Early differentiation"
"ENSG00000167600","CYP2S1","Early differentiation"
"ENSG00000170561","IRX2","Early differentiation"
"ENSG00000265992","ESRG","Early differentiation"
"ENSG00000147601","TERF1","Early differentiation"
"ENSG00000111319","SCNN1A","Early differentiation"
"ENSG00000152208","GRID2","Early differentiation"
"ENSG00000226792","C13orf42","Early differentiation"
"ENSG00000107521","HPS1","Early differentiation"
"ENSG00000141314","RHBDL3","Early differentiation"
"ENSG00000104112","SCG3","Early differentiation"
"ENSG00000181274","FRAT2","Early differentiation"
"ENSG00000178409","BEND3","Early differentiation"
"ENSG00000155380","SLC16A1","Early differentiation"
"ENSG00000174720","LARP7","Early differentiation"
"ENSG00000130768","SMPDL3B","Early differentiation"
"ENSG00000196371","FUT4","Early differentiation"
"ENSG00000004468","CD38","Early differentiation"
"ENSG00000260834",NA,"Early differentiation"
"ENSG00000125850","OVOL2","Early differentiation"
"ENSG00000188816","HMX2","Early differentiation"
"ENSG00000147596","PRDM14","Early differentiation"
"ENSG00000175121","WFDC5","Early differentiation"
"ENSG00000124107","SLPI","Early differentiation"
"ENSG00000204121",NA,"Early differentiation"
"ENSG00000258696",NA,"Early differentiation"
"ENSG00000095596","CYP26A1","Early differentiation"
"ENSG00000188112","C6orf132","Early differentiation"
"ENSG00000215866","LINC01356","Early differentiation"
"ENSG00000282048",NA,"Early differentiation"
"ENSG00000274652",NA,"Early differentiation"
"ENSG00000134207","SYT6","Early differentiation"
"ENSG00000131771","PPP1R1B","Early differentiation"
"ENSG00000244342","LINC00698","Early differentiation"
"ENSG00000129354","AP1M2","Early differentiation"
"ENSG00000176387","HSD11B2","Early differentiation"
"ENSG00000137460","FHDC1","Early differentiation"
"ENSG00000262152","GREP1","Early differentiation"
"ENSG00000131844","MCCC2","Early differentiation"
"ENSG00000092929","UNC13D","Early differentiation"
"ENSG00000037474","NSUN2","Early differentiation"
"ENSG00000167306","MYO5B","Early differentiation"
"ENSG00000158296","SLC13A3","Early differentiation"
"ENSG00000140835","CHST4","Early differentiation"
"ENSG00000272086",NA,"Early differentiation"
"ENSG00000128739","SNRPN","Early differentiation"
"ENSG00000116039","ATP6V1B1","Early differentiation"
"ENSG00000106538","RARRES2","Early differentiation"
"ENSG00000198930","CSAG1","Early differentiation"
"ENSG00000114767","RRP9","Early differentiation"
"ENSG00000100889","PCK2","Early differentiation"
"ENSG00000004478","FKBP4","Early differentiation"
"ENSG00000155506","LARP1","Early differentiation"
"ENSG00000147862","NFIB","Early differentiation"
"ENSG00000172216","CEBPB","Early differentiation"
"ENSG00000132274","TRIM22","Early differentiation"
"ENSG00000280511",NA,"Early differentiation"
"ENSG00000232301","LNCPRESS1","Early differentiation"
"ENSG00000104341","LAPTM4B","Early differentiation"
"ENSG00000119866","BCL11A","Early differentiation"
"ENSG00000287523",NA,"Early differentiation"
"ENSG00000244280",NA,"Early differentiation"
"ENSG00000185847","LINC01405","Early differentiation"
"ENSG00000077009","NMRK2","Early differentiation"
"ENSG00000166831","RBPMS2","Early differentiation"
"ENSG00000102096","PIM2","Early differentiation"
"ENSG00000254277",NA,"Early differentiation"
"ENSG00000280707","HPAT5","Early differentiation"
"ENSG00000241186","TDGF1","Early differentiation"
"ENSG00000228649","SNHG26","Early differentiation"
"ENSG00000069482","GAL","Early differentiation"
"ENSG00000166105","GLB1L3","Early differentiation"
"ENSG00000155846","PPARGC1B","Early differentiation"
"ENSG00000076043","REXO2","Early differentiation"
"ENSG00000096717","SIRT1","Early differentiation"
"ENSG00000067533","RRP15","Early differentiation"
"ENSG00000138100","TRIM54","Early differentiation"
"ENSG00000162377","COA7","Early differentiation"
"ENSG00000074800","ENO1","Early differentiation"
"ENSG00000167191","GPRC5B","Early differentiation"
"ENSG00000204936","CD177","Early differentiation"
"ENSG00000248131",NA,"Early differentiation"
"ENSG00000136110","CNMD","Early differentiation"
"ENSG00000102755","FLT1","Early differentiation"
"ENSG00000235750","KIAA0040","Early differentiation"
"ENSG00000249152",NA,"Early differentiation"
"ENSG00000231789","PIK3CD-AS2","Early differentiation"
"ENSG00000254934","LINC00678","Early differentiation"
"ENSG00000164591","MYOZ3","Early differentiation"
"ENSG00000187240","DYNC2H1","Ventral forebrain"
"ENSG00000110455","ACCS","Ventral forebrain"
"ENSG00000178700","DHFR2","Ventral forebrain"
"ENSG00000189157","FAM47E","Ventral forebrain"
"ENSG00000110931","CAMKK2","Ventral forebrain"
"ENSG00000111679","PTPN6","Ventral forebrain"
"ENSG00000103449","SALL1","Ventral forebrain"
"ENSG00000170703","TTLL6","Ventral forebrain"
"ENSG00000175287","PHYHD1","Ventral forebrain"
"ENSG00000170381","SEMA3E","Ventral forebrain"
"ENSG00000119523","ALG2","Ventral forebrain"
"ENSG00000174197","MGA","Ventral forebrain"
"ENSG00000109113","RAB34","Ventral forebrain"
"ENSG00000008394","MGST1","Ventral forebrain"
"ENSG00000133863","TEX15","Ventral forebrain"
"ENSG00000169062","UPF3A","Ventral forebrain"
"ENSG00000166265","CYYR1","Ventral forebrain"
"ENSG00000092421","SEMA6A","Ventral forebrain"
"ENSG00000077942","FBLN1","Ventral forebrain"
"ENSG00000131831","RAI2","Ventral forebrain"
"ENSG00000203667","COX20","Ventral forebrain"
"ENSG00000165359","INTS6L","Ventral forebrain"
"ENSG00000120158","RCL1","Ventral forebrain"
"ENSG00000131914","LIN28A","Ventral forebrain"
"ENSG00000166073","GPR176","Ventral forebrain"
"ENSG00000143469","SYT14","Ventral forebrain"
"ENSG00000223756",NA,"Ventral forebrain"
"ENSG00000138442","WDR12","Ventral forebrain"
"ENSG00000162878","PKDCC","Ventral forebrain"
"ENSG00000128928","IVD","Ventral forebrain"
"ENSG00000188158","NHS","Ventral forebrain"
"ENSG00000092051","JPH4","Ventral forebrain"
"ENSG00000101311","FERMT1","Ventral forebrain"
"ENSG00000064999","ANKS1A","Ventral forebrain"
"ENSG00000166347","CYB5A","Ventral forebrain"
"ENSG00000170264","FAM161A","Ventral forebrain"
"ENSG00000177283","FZD8","Ventral forebrain"
"ENSG00000149131","SERPING1","Ventral forebrain"
"ENSG00000138399","FASTKD1","Ventral forebrain"
"ENSG00000110660","SLC35F2","Ventral forebrain"
"ENSG00000269609","C10orf95-AS1","Ventral forebrain"
"ENSG00000205213","LGR4","Ventral forebrain"
"ENSG00000180730","SHISA2","Ventral forebrain"
"ENSG00000241839","PLEKHO2","Ventral forebrain"
"ENSG00000100941","PNN","Ventral forebrain"
"ENSG00000103356","EARS2","Ventral forebrain"
"ENSG00000115194","SLC30A3","Ventral forebrain"
"ENSG00000165029","ABCA1","Ventral forebrain"
"ENSG00000146278","PNRC1","Ventral forebrain"
"ENSG00000141655","TNFRSF11A","Ventral forebrain"
"ENSG00000104870","FCGRT","Ventral forebrain"
"ENSG00000107262","BAG1","Ventral forebrain"
"ENSG00000124570","SERPINB6","Ventral forebrain"
"ENSG00000137714","FDX1","Ventral forebrain"
"ENSG00000088727","KIF9","Ventral forebrain"
"ENSG00000115310","RTN4","Ventral forebrain"
"ENSG00000093144","ECHDC1","Ventral forebrain"
"ENSG00000046653","GPM6B","Ventral forebrain"
"ENSG00000117632","STMN1","Ventral forebrain"
"ENSG00000151575","TEX9","Ventral forebrain"
"ENSG00000075223","SEMA3C","Ventral forebrain"
"ENSG00000079819","EPB41L2","Ventral forebrain"
"ENSG00000162631","NTNG1","Ventral forebrain"
"ENSG00000183775","KCTD16","Ventral forebrain"
"ENSG00000168575","SLC20A2","Ventral forebrain"
"ENSG00000099250","NRP1","Ventral forebrain"
"ENSG00000114541","FRMD4B","Ventral forebrain"
"ENSG00000129295","DNAAF11","Ventral forebrain"
"ENSG00000151322","NPAS3","Ventral forebrain"
"ENSG00000106333","PCOLCE","Ventral forebrain"
"ENSG00000100505","TRIM9","Ventral forebrain"
"ENSG00000108947","EFNB3","Ventral forebrain"
"ENSG00000185585","OLFML2A","Ventral forebrain"
"ENSG00000167987","VPS37C","Ventral forebrain"
"ENSG00000147041","SYTL5","Ventral forebrain"
"ENSG00000248890","HHIP-AS1","Ventral forebrain"
"ENSG00000118997","DNAH7","Ventral forebrain"
"ENSG00000213625","LEPROT","Ventral forebrain"
"ENSG00000285605",NA,"Ventral forebrain"
"ENSG00000173706","HEG1","Ventral forebrain"
"ENSG00000144847","IGSF11","Ventral forebrain"
"ENSG00000163629","PTPN13","Ventral forebrain"
"ENSG00000139263","LRIG3","Ventral forebrain"
"ENSG00000133937","GSC","Ventral forebrain"
"ENSG00000197291","RAMP2-AS1","Ventral forebrain"
"ENSG00000206530","CFAP44","Ventral forebrain"
"ENSG00000162543","UBXN10","Ventral forebrain"
"ENSG00000112981","NME5","Ventral forebrain"
"ENSG00000151023","ENKUR","Ventral forebrain"
"ENSG00000270959","LPP-AS2","Ventral forebrain"
"ENSG00000134986","NREP","Ventral forebrain"
"ENSG00000135312","HTR1B","Ventral forebrain"
"ENSG00000164093","PITX2","Ventral forebrain"
"ENSG00000198945","L3MBTL3","Ventral forebrain"
"ENSG00000155085","AK9","Ventral forebrain"
"ENSG00000112706","IMPG1","Ventral forebrain"
"ENSG00000187098","MITF","Ventral forebrain"
"ENSG00000134533","RERG","Ventral forebrain"
"ENSG00000064655","EYA2","Ventral forebrain"
"ENSG00000124205","EDN3","Ventral forebrain"
"ENSG00000219253",NA,"Ventral forebrain"
"ENSG00000118271","TTR","Ventral forebrain"
"ENSG00000135842","NIBAN1","Ventral forebrain"
"ENSG00000253686","LINC01484","Ventral forebrain"
"ENSG00000242266","RN7SL456P","Ventral forebrain"
"ENSG00000127249","ATP13A4","Ventral forebrain"
"ENSG00000240567","LINC02067","Ventral forebrain"
"ENSG00000280165","PCDH20","Ventral forebrain"
"ENSG00000204104","TRAF3IP1","Ventral forebrain"
"ENSG00000119328","ABITRAM","Ventral forebrain"
"ENSG00000108406","DHX40","Ventral forebrain"
"ENSG00000056291","NPFFR2","Ventral forebrain"
"ENSG00000169245","CXCL10","Ventral forebrain"
"ENSG00000163879","DNALI1","Ventral forebrain"
"ENSG00000150773","PIH1D2","Ventral forebrain"
"ENSG00000111834","RSPH4A","Ventral forebrain"
"ENSG00000183644","HOATZ","Ventral forebrain"
"ENSG00000269113","TRABD2B","Ventral forebrain"
"ENSG00000185442","FAM174B","Ventral forebrain"
"ENSG00000164440","TXLNB","Ventral forebrain"
"ENSG00000236536",NA,"Ventral forebrain"
"ENSG00000117152","RGS4","Ventral forebrain"
"ENSG00000185860","CCDC190","Ventral forebrain"
"ENSG00000278934",NA,"Ventral forebrain"
"ENSG00000181744","DIPK2A","Ventral forebrain"
"ENSG00000172260","NEGR1","Ventral forebrain"
"ENSG00000235098","ANKRD65","Ventral forebrain"
"ENSG00000239677",NA,"Ventral forebrain"
"ENSG00000225400",NA,"Ventral forebrain"
"ENSG00000120798","NR2C1","Ventral forebrain"
"ENSG00000116977","LGALS8","Ventral forebrain"
"ENSG00000204852","TCTN1","Ventral forebrain"
"ENSG00000182255","KCNA4","Ventral forebrain"
"ENSG00000138944","SHISAL1","Ventral forebrain"
"ENSG00000170477","KRT4","Ventral forebrain"
"ENSG00000185640","KRT79","Ventral forebrain"
"ENSG00000160190","SLC37A1","Ventral forebrain"
"ENSG00000273650",NA,"Ventral forebrain"
"ENSG00000104953","TLE6","Ventral forebrain"
"ENSG00000105792","CFAP69","Ventral forebrain"
"ENSG00000147036","LANCL3","Ventral forebrain"
"ENSG00000139209","SLC38A4","Ventral forebrain"
"ENSG00000188906","LRRK2","Ventral forebrain"
"ENSG00000115896","PLCL1","Ventral forebrain"
"ENSG00000119508","NR4A3","Ventral forebrain"
"ENSG00000196542","SPTSSB","Ventral forebrain"
"ENSG00000223561","LINC03007","Ventral forebrain"
"ENSG00000271824","SMIM32","Ventral forebrain"
"ENSG00000164690","SHH","Ventral forebrain"
"ENSG00000255745",NA,"Ventral forebrain"
"ENSG00000112782","CLIC5","Ventral forebrain"
"ENSG00000170153","RNF150","Ventral forebrain"
"ENSG00000186197","EDARADD","Ventral forebrain"
"ENSG00000052126","PLEKHA5","Ventral forebrain"
"ENSG00000072133","RPS6KA6","Ventral forebrain"
"ENSG00000286020",NA,"Ventral forebrain"
"ENSG00000285205",NA,"Ventral forebrain"
"ENSG00000157502","PWWP3B","Ventral forebrain"
"ENSG00000200385",NA,"Ventral forebrain"
"ENSG00000113319","RASGRF2","Ventral forebrain"
"ENSG00000114861","FOXP1","Ventral forebrain"
"ENSG00000115380","EFEMP1","Ventral forebrain"
"ENSG00000129514","FOXA1","Ventral forebrain"
"ENSG00000139865","TTC6","Ventral forebrain"
"ENSG00000148814","LRRC27","Ventral forebrain"
"ENSG00000173218","VANGL1","Ventral forebrain"
"ENSG00000183833","CFAP91","Ventral forebrain"
"ENSG00000196338","NLGN3","Ventral forebrain"
"ENSG00000152582","SPEF2","Ventral forebrain"
"ENSG00000171811","CFAP46","Ventral forebrain"
"ENSG00000163590","PPM1L","Ventral forebrain"
"ENSG00000133216","EPHB2","Ventral forebrain"
"ENSG00000160188","RSPH1","Ventral forebrain"
"ENSG00000128655","PDE11A","Ventral forebrain"
"ENSG00000151617","EDNRA","Ventral forebrain"
"ENSG00000170962","PDGFD","Ventral forebrain"
"ENSG00000197901","SLC22A6","Ventral forebrain"
"ENSG00000188596","CFAP54","Ventral forebrain"
"ENSG00000154127","UBASH3B","Ventral forebrain"
"ENSG00000257345",NA,"Ventral forebrain"
"ENSG00000132437","DDC","Ventral forebrain"
"ENSG00000253821",NA,"Ventral forebrain"
"ENSG00000065320","NTN1","Ventral forebrain"
"ENSG00000170293","CMTM8","Ventral forebrain"
"ENSG00000183023","SLC8A1","Ventral forebrain"
"ENSG00000186047","DLEU7","Ventral forebrain"
"ENSG00000036672","USP2","Ventral forebrain"
"ENSG00000116741","RGS2","Ventral forebrain"
"ENSG00000132386","SERPINF1","Ventral forebrain"
"ENSG00000169251","NMD3","Ventral forebrain"
"ENSG00000122641","INHBA","Ventral forebrain"
"ENSG00000169242","EFNA1","Ventral forebrain"
"ENSG00000105976","MET","Ventral forebrain"
"ENSG00000260400",NA,"Ventral forebrain"
"ENSG00000164161","HHIP","Ventral forebrain"
"ENSG00000102034","ELF4","Ventral forebrain"
"ENSG00000188732","FAM221A","Ventral forebrain"
"ENSG00000154080","CHST9","Ventral forebrain"
"ENSG00000178919","FOXE1","Ventral forebrain"
"ENSG00000153551","CMTM7","Ventral forebrain"
"ENSG00000160408","ST6GALNAC6","Ventral forebrain"
"ENSG00000163536","SERPINI1","Ventral forebrain"
"ENSG00000160111","CPAMD8","Ventral forebrain"
"ENSG00000152556","PFKM","Ventral forebrain"
"ENSG00000280219",NA,"Ventral forebrain"
"ENSG00000137343","ATAT1","Ventral forebrain"
"ENSG00000235865","GSN-AS1","Ventral forebrain"
"ENSG00000272168",NA,"Ventral forebrain"
"ENSG00000123933","MXD4","Ventral forebrain"
"ENSG00000230454",NA,"Ventral forebrain"
"ENSG00000246859","STARD4-AS1","Ventral forebrain"
"ENSG00000186350","RXRA","Ventral forebrain"
"ENSG00000173914","RBM4B","Ventral forebrain"
"ENSG00000239263",NA,"Ventral forebrain"
"ENSG00000184304","PRKD1","Ventral forebrain"
"ENSG00000006042","TMEM98","Ventral forebrain"
"ENSG00000162980","ARL5A","Ventral forebrain"
"ENSG00000138670","RASGEF1B","Ventral forebrain"
"ENSG00000125354","SEPTIN6","Ventral forebrain"
"ENSG00000197748","CFAP43","Ventral forebrain"
"ENSG00000140943","MBTPS1","Ventral forebrain"
"ENSG00000147180","ZNF711","Ventral forebrain"
"ENSG00000248543",NA,"Ventral forebrain"
"ENSG00000268926",NA,"Ventral forebrain"
"ENSG00000251615",NA,"Ventral forebrain"
"ENSG00000154099","DNAAF1","Ventral forebrain"
"ENSG00000056736","IL17RB","Ventral forebrain"
"ENSG00000139266","MARCHF9","Ventral forebrain"
"ENSG00000187605","TET3","Ventral forebrain"
"ENSG00000103335","PIEZO1","Ventral forebrain"
"ENSG00000183662","TAFA1","Ventral forebrain"
"ENSG00000166987","MBD6","Ventral forebrain"
"ENSG00000205497","OR51A4","Ventral forebrain"
"ENSG00000285210",NA,"Ventral forebrain"
"ENSG00000130669","PAK4","Ventral forebrain"
"ENSG00000129173","E2F8","Ventral forebrain"
"ENSG00000277013",NA,"Ventral forebrain"
"ENSG00000198464","ZNF480","Ventral forebrain"
"ENSG00000168589","DYNLRB2","Ventral forebrain"
"ENSG00000184677","ZBTB40","Ventral forebrain"
"ENSG00000145348","TBCK","Ventral forebrain"
"ENSG00000005020","SKAP2","Ventral forebrain"
"ENSG00000172794","RAB37","Ventral forebrain"
"ENSG00000278530","CHMP1B2P","Ventral forebrain"
"ENSG00000150760","DOCK1","Ventral forebrain"
"ENSG00000174718","RESF1","Ventral forebrain"
"ENSG00000162694","EXTL2","Ventral forebrain"
"ENSG00000145819","ARHGAP26","Ventral forebrain"
"ENSG00000150054","MPP7","Ventral forebrain"
"ENSG00000153885","KCTD15","Ventral forebrain"
"ENSG00000152484","USP12","Ventral forebrain"
"ENSG00000196482","ESRRG","Ventral forebrain"
"ENSG00000134853","PDGFRA","Ventral forebrain"
"ENSG00000068885","IFT80","Ventral forebrain"
"ENSG00000183161","FANCF","Ventral forebrain"
"ENSG00000184005","ST6GALNAC3","Ventral forebrain"
"ENSG00000189350","TOGARAM2","Ventral forebrain"
"ENSG00000269386","RAB11B-AS1","Ventral forebrain"
"ENSG00000163377","TAFA4","Ventral forebrain"
"ENSG00000167113","COQ4","Ventral forebrain"
"ENSG00000092010","PSME1","Ventral forebrain"
"ENSG00000138600","SPPL2A","Ventral forebrain"
"ENSG00000125864","BFSP1","Ventral forebrain"
"ENSG00000112208","BAG2","Ventral forebrain"
"ENSG00000183715","OPCML","Ventral forebrain"
"ENSG00000151090","THRB","Ventral forebrain"
"ENSG00000175895","PLEKHF2","Ventral forebrain"
"ENSG00000248008","NRAV","Ventral forebrain"
"ENSG00000177181","RIMKLA","Ventral forebrain"
"ENSG00000091409","ITGA6","Ventral forebrain"
"ENSG00000164007","CLDN19","Ventral forebrain"
"ENSG00000100344","PNPLA3","Ventral forebrain"
"ENSG00000248329","APELA","Ventral forebrain"
"ENSG00000131477","RAMP2","Ventral forebrain"
"ENSG00000164687","FABP5","Ventral forebrain"
"ENSG00000144645","OSBPL10","Ventral forebrain"
"ENSG00000101463","SYNDIG1","Ventral forebrain"
"ENSG00000136944","LMX1B","Ventral forebrain"
"ENSG00000152642","GPD1L","Ventral forebrain"
"ENSG00000163376","KBTBD8","Ventral forebrain"
"ENSG00000100697","DICER1","Ventral forebrain"
"ENSG00000139211","AMIGO2","Ventral forebrain"
"ENSG00000170820","FSHR","Ventral forebrain"
"ENSG00000146678","IGFBP1","Ventral forebrain"
"ENSG00000211649","IGLV7-46","Ventral forebrain"
"ENSG00000170162","VGLL2","Ventral forebrain"
"ENSG00000249743",NA,"Ventral forebrain"
"ENSG00000112685","EXOC2","Ventral forebrain"
"ENSG00000150893","FREM2","Ventral forebrain"
"ENSG00000152315","KCNK13","Ventral forebrain"
"ENSG00000082397","EPB41L3","Ventral forebrain"
"ENSG00000138435","CHRNA1","Ventral forebrain"
"ENSG00000155897","ADCY8","Ventral forebrain"
"ENSG00000224383","PRR29","Ventral forebrain"
"ENSG00000150873","C2orf50","Ventral forebrain"
"ENSG00000116132","PRRX1","Ventral forebrain"
"ENSG00000180801","ARSJ","Ventral forebrain"
"ENSG00000203666","EFCAB2","Ventral forebrain"
"ENSG00000187147","RNF220","Ventral forebrain"
"ENSG00000101856","PGRMC1","Ventral forebrain"
"ENSG00000136104","RNASEH2B","Ventral forebrain"
"ENSG00000114251","WNT5A","Ventral forebrain"
"ENSG00000196700","ZNF512B","Ventral forebrain"
"ENSG00000120696","KBTBD7","Ventral forebrain"
"ENSG00000185621","LMLN","Ventral forebrain"
"ENSG00000147654","EBAG9","Ventral forebrain"
"ENSG00000000003","TSPAN6","Ventral forebrain"
"ENSG00000196659","IFT70B","Ventral forebrain"
"ENSG00000271122","HERPUD2-AS1","Ventral forebrain"
"ENSG00000089472","HEPH","Ventral forebrain"
"ENSG00000108984","MAP2K6","Ventral forebrain"
"ENSG00000135315","CEP162","Ventral forebrain"
"ENSG00000273270",NA,"Ventral forebrain"
"ENSG00000122085","MTERF4","Ventral forebrain"
"ENSG00000164039","BDH2","Ventral forebrain"
"ENSG00000114021","NIT2","Ventral forebrain"
"ENSG00000135899","SP110","Ventral forebrain"
"ENSG00000104325","DECR1","Ventral forebrain"
"ENSG00000172164","SNTB1","Ventral forebrain"
"ENSG00000106688","SLC1A1","Ventral forebrain"
"ENSG00000285872","LOC101929691","Ventral forebrain"
"ENSG00000103150","MLYCD","Ventral forebrain"
"ENSG00000197385","ZNF860","Ventral forebrain"
"ENSG00000133665","DYDC2","Ventral forebrain"
"ENSG00000196812","ZSCAN16","Ventral forebrain"
"ENSG00000168890","TMEM150A","Ventral forebrain"
"ENSG00000223768","LINC00205","Ventral forebrain"
"ENSG00000149809","TM7SF2","Ventral forebrain"
"ENSG00000124193","SRSF6","Ventral forebrain"
"ENSG00000158716","DUSP23","Ventral forebrain"
"ENSG00000165506","DNAAF2","Ventral forebrain"
"ENSG00000035687","ADSS2","Ventral forebrain"
"ENSG00000099290","WASHC2A","Ventral forebrain"
"ENSG00000133321","PLAAT4","Ventral forebrain"
"ENSG00000149256","TENM4","Ventral forebrain"
"ENSG00000127328","RAB3IP","Ventral forebrain"
"ENSG00000182150","ERCC6L2","Ventral forebrain"
"ENSG00000166689","PLEKHA7","Ventral forebrain"
"ENSG00000177169","ULK1","Ventral forebrain"
"ENSG00000196418","ZNF124","Ventral forebrain"
"ENSG00000127152","BCL11B","Ventral forebrain"
"ENSG00000088970","KIZ","Ventral forebrain"
"ENSG00000163251","FZD5","Ventral forebrain"
"ENSG00000179104","TMTC2","Ventral forebrain"
"ENSG00000182568","SATB1","Ventral forebrain"
"ENSG00000162998","FRZB","Ventral forebrain"
"ENSG00000124126","PREX1","Ventral forebrain"
"ENSG00000242715","CCDC169","Ventral forebrain"
"ENSG00000102893","PHKB","Ventral forebrain"
"ENSG00000213066","CEP43","Ventral forebrain"
"ENSG00000186231","KLHL32","Ventral forebrain"
"ENSG00000267002",NA,"Ventral forebrain"
"ENSG00000077616","NAALAD2","Ventral forebrain"
"ENSG00000079950","STX7","Ventral forebrain"
"ENSG00000279970",NA,"Ventral forebrain"
"ENSG00000135596","MICAL1","Ventral forebrain"
"ENSG00000182704","TSKU","Ventral forebrain"
"ENSG00000179163","FUCA1","Ventral forebrain"
"ENSG00000253958","CLDN23","Ventral forebrain"
"ENSG00000120708","TGFBI","Ventral forebrain"
"ENSG00000159708","LRRC36","Ventral forebrain"
"ENSG00000152926","ZNF117","Ventral forebrain"
"ENSG00000143315","PIGM","Ventral forebrain"
"ENSG00000185033","SEMA4B","Ventral forebrain"
"ENSG00000106723","SPIN1","Ventral forebrain"
"ENSG00000109381","ELF2","Ventral forebrain"
"ENSG00000169641","LUZP1","Ventral forebrain"
"ENSG00000026297","RNASET2","Ventral forebrain"
"ENSG00000079435","LIPE","Ventral forebrain"
"ENSG00000075275","CELSR1","Ventral forebrain"
"ENSG00000001084","GCLC","Ventral forebrain"
"ENSG00000163312","HELQ","Ventral forebrain"
"ENSG00000244203","FOXP1-AS1","Ventral forebrain"
"ENSG00000138640","FAM13A","Ventral forebrain"
"ENSG00000286457",NA,"Ventral forebrain"
"ENSG00000136874","STX17","Ventral forebrain"
"ENSG00000144744","UBA3","Ventral forebrain"
"ENSG00000102383","ZDHHC15","Ventral forebrain"
"ENSG00000163389","POGLUT1","Ventral forebrain"
"ENSG00000205056",NA,"Ventral forebrain"
"ENSG00000165246","NLGN4Y","Ventral forebrain"
"ENSG00000164946","FREM1","Ventral forebrain"
"ENSG00000175611","ERCC6L2-AS1","Ventral forebrain"
"ENSG00000184785","SMIM10","Ventral forebrain"
"ENSG00000274588","DGKK","Ventral forebrain"
"ENSG00000157111","TMEM171","Ventral forebrain"
"ENSG00000107104","KANK1","Ventral forebrain"
"ENSG00000141012","GALNS","Ventral forebrain"
"ENSG00000105643","ARRDC2","Ventral forebrain"
"ENSG00000181378","CFAP65","Ventral forebrain"
"ENSG00000152284","TCF7L1","Ventral forebrain"
"ENSG00000276136",NA,"Ventral forebrain"
"ENSG00000154065","ANKRD29","Ventral forebrain"
"ENSG00000186952","TMEM232","Ventral forebrain"
"ENSG00000003989","SLC7A2","Ventral forebrain"
"ENSG00000099810","MTAP","Ventral forebrain"
"ENSG00000134716","CYP2J2","Ventral forebrain"
"ENSG00000204228","HSD17B8","Ventral forebrain"
"ENSG00000229891","LINC01315","Ventral forebrain"
"ENSG00000163013","FBXO41","Ventral forebrain"
"ENSG00000048140","TSPAN17","Ventral forebrain"
"ENSG00000137393","RNF144B","Ventral forebrain"
"ENSG00000145390","USP53","Ventral forebrain"
"ENSG00000152952","PLOD2","Ventral forebrain"
"ENSG00000110917","MLEC","Ventral forebrain"
"ENSG00000111087","GLI1","Ventral forebrain"
"ENSG00000131149","GSE1","Ventral forebrain"
"ENSG00000179546","HTR1D","Ventral forebrain"
"ENSG00000198894","CIPC","Ventral forebrain"
"ENSG00000064225","ST3GAL6","Ventral forebrain"
"ENSG00000163602","RYBP","Ventral forebrain"
"ENSG00000102119","EMD","Ventral forebrain"
"ENSG00000112787","FBRSL1","Ventral forebrain"
"ENSG00000162976","SLC66A3","Ventral forebrain"
"ENSG00000206560","ANKRD28","Ventral forebrain"
"ENSG00000274275",NA,"Ventral forebrain"
"ENSG00000122417","ODF2L","Ventral forebrain"
"ENSG00000110318","CEP126","Ventral forebrain"
"ENSG00000151338","MIPOL1","Ventral forebrain"
"ENSG00000287346","LOC105370689","Ventral forebrain"
"ENSG00000162576","MXRA8","Ventral forebrain"
"ENSG00000100403","ZC3H7B","Ventral forebrain"
"ENSG00000073910","FRY","Ventral forebrain"
"ENSG00000110492","MDK","Ventral forebrain"
"ENSG00000104313","EYA1","Ventral forebrain"
"ENSG00000188505","NCCRP1","Ventral forebrain"
"ENSG00000175215","CTDSP2","Ventral forebrain"
"ENSG00000255145",NA,"Ventral forebrain"
"ENSG00000167157","PRRX2","Ventral forebrain"
"ENSG00000169744","LDB2","Ventral forebrain"
"ENSG00000101695","RNF125","Ventral forebrain"
"ENSG00000189212",NA,"Ventral forebrain"
"ENSG00000139178","C1RL","Ventral forebrain"
"ENSG00000116096","SPR","Ventral forebrain"
"ENSG00000261080",NA,"Ventral forebrain"
"ENSG00000141013","GAS8","Ventral forebrain"
"ENSG00000173517","PEAK1","Ventral forebrain"
"ENSG00000086619","ERO1B","Ventral forebrain"
"ENSG00000135535","CD164","Ventral forebrain"
"ENSG00000269973",NA,"Ventral forebrain"
"ENSG00000138134","STAMBPL1","Ventral forebrain"
"ENSG00000137968","SLC44A5","Ventral forebrain"
"ENSG00000248445","SEMA6A-AS1","Ventral forebrain"
"ENSG00000088836","SLC4A11","Ventral forebrain"
"ENSG00000128394","APOBEC3F","Ventral forebrain"
"ENSG00000091129","NRCAM","Ventral forebrain"
"ENSG00000245694","CRNDE","Ventral forebrain"
"ENSG00000227023","OR51A3P","Ventral forebrain"
"ENSG00000176893","OR51G2","Ventral forebrain"
"ENSG00000167346","MMP26","Ventral forebrain"
"ENSG00000251450","RASGRF2-AS1","Ventral forebrain"
"ENSG00000092445","TYRO3","Ventral forebrain"
"ENSG00000141736","ERBB2","Ventral forebrain"
"ENSG00000165105","RASEF","Ventral forebrain"
"ENSG00000124749","COL21A1","Ventral forebrain"
"ENSG00000243244","STON1","Ventral forebrain"
"ENSG00000112983","BRD8","Ventral forebrain"
"ENSG00000136546","SCN7A","Ventral forebrain"
"ENSG00000198648","STK39","Ventral forebrain"
"ENSG00000135838","NPL","Ventral forebrain"
"ENSG00000261115","TMEM178B","Ventral forebrain"
"ENSG00000126016","AMOT","Ventral forebrain"
"ENSG00000117318","ID3","Ventral forebrain"
"ENSG00000170891","CYTL1","Ventral forebrain"
"ENSG00000160180","TFF3","Ventral forebrain"
"ENSG00000121440","PDZRN3","Ventral forebrain"
"ENSG00000116329","OPRD1","Ventral forebrain"
"ENSG00000047932","GOPC","Ventral forebrain"
"ENSG00000156298","TSPAN7","Ventral forebrain"
"ENSG00000102098","SCML2","Ventral forebrain"
"ENSG00000136327","NKX2-8","Ventral forebrain"
"ENSG00000118965","WDR35","Ventral forebrain"
"ENSG00000257354","MIRLET7IHG","Ventral forebrain"
"ENSG00000198815","FOXJ3","Ventral forebrain"
"ENSG00000136541","ERMN","Ventral forebrain"
"ENSG00000090539","CHRD","Ventral forebrain"
"ENSG00000148841","ITPRIP","Ventral forebrain"
"ENSG00000114315","HES1","Ventral forebrain"
"ENSG00000151746","BICD1","Ventral forebrain"
"ENSG00000188316","ENO4","Ventral forebrain"
"ENSG00000197410","DCHS2","Ventral forebrain"
"ENSG00000187123","LYPD6","Ventral forebrain"
"ENSG00000131044","TTLL9","Ventral forebrain"
"ENSG00000150995","ITPR1","Ventral forebrain"
"ENSG00000142634","EFHD2","Ventral forebrain"
"ENSG00000140511","HAPLN3","Ventral forebrain"
"ENSG00000136068","FLNB","Ventral forebrain"
"ENSG00000167566","NCKAP5L","Ventral forebrain"
"ENSG00000010310","GIPR","Ventral forebrain"
"ENSG00000166573","GALR1","Ventral forebrain"
"ENSG00000162599","NFIA","Ventral forebrain"
"ENSG00000136352","NKX2-1","Ventral forebrain"
"ENSG00000269993",NA,"Ventral forebrain"
"ENSG00000152785","BMP3","Ventral forebrain"
"ENSG00000124813","RUNX2","Ventral forebrain"
"ENSG00000271857",NA,"Ventral forebrain"
"ENSG00000104964","TLE5","Ventral forebrain"
"ENSG00000288048",NA,"Ventral forebrain"
"ENSG00000124766","SOX4","Ventral forebrain"
"ENSG00000077274","CAPN6","Ventral forebrain"
"ENSG00000262655","SPON1","Ventral forebrain"
"ENSG00000065717","TLE2","Ventral forebrain"
"ENSG00000139132","FGD4","Ventral forebrain"
"ENSG00000021300","PLEKHB1","Ventral forebrain"
"ENSG00000204131","NHSL2","Ventral forebrain"
"ENSG00000070193","FGF10","Ventral forebrain"
"ENSG00000125798","FOXA2","Ventral forebrain"
"ENSG00000259974","LINC00261","Ventral forebrain"
"ENSG00000227560","RPS15AP30","Ventral forebrain"
"ENSG00000260807","CEROX1","Ventral forebrain"
"ENSG00000157680","DGKI","Ventral forebrain"
"ENSG00000148737","TCF7L2","Ventral forebrain"
"ENSG00000259439","LINC01833","Ventral forebrain"
"ENSG00000138083","SIX3","Ventral forebrain"
"ENSG00000136603","SKIL","Ventral forebrain"
"ENSG00000185920","PTCH1","Ventral forebrain"
"ENSG00000008226","DLEC1","Ventral forebrain"
"ENSG00000225156",NA,"Ventral forebrain"
"ENSG00000278957",NA,"Ventral forebrain"
"ENSG00000276831",NA,"Ventral forebrain"
"ENSG00000228956",NA,"Ventral forebrain"
"ENSG00000225127","LINC00237","Ventral forebrain"
