"","Figure4B"
"ENSG00000000003","Cluster 1"
"ENSG00000001617","Cluster 2"
"ENSG00000002834","Cluster 1"
"ENSG00000003989","Cluster 1"
"ENSG00000004468","Cluster 2"
"ENSG00000004838","Cluster 1"
"ENSG00000005156","Cluster 2"
"ENSG00000006042","Cluster 1"
"ENSG00000006453","Cluster 2"
"ENSG00000006634","Cluster 2"
"ENSG00000006638","Cluster 1"
"ENSG00000006715","Cluster 1"
"ENSG00000007350","Cluster 2"
"ENSG00000007372","Cluster 2"
"ENSG00000007944","Cluster 2"
"ENSG00000007952","Cluster 1"
"ENSG00000007968","Cluster 1"
"ENSG00000008226","Cluster 1"
"ENSG00000009413","Cluster 2"
"ENSG00000009844","Cluster 1"
"ENSG00000010292","Cluster 2"
"ENSG00000010610","Cluster 2"
"ENSG00000011009","Cluster 1"
"ENSG00000011021","Cluster 2"
"ENSG00000011028","Cluster 1"
"ENSG00000013810","Cluster 2"
"ENSG00000015592","Cluster 2"
"ENSG00000018189","Cluster 2"
"ENSG00000018236","Cluster 1"
"ENSG00000018625","Cluster 2"
"ENSG00000019995","Cluster 2"
"ENSG00000020577","Cluster 2"
"ENSG00000023608","Cluster 2"
"ENSG00000023902","Cluster 1"
"ENSG00000025039","Cluster 1"
"ENSG00000025708","Cluster 1"
"ENSG00000026297","Cluster 1"
"ENSG00000028528","Cluster 1"
"ENSG00000029534","Cluster 2"
"ENSG00000031823","Cluster 1"
"ENSG00000032742","Cluster 1"
"ENSG00000034239","Cluster 1"
"ENSG00000034510","Cluster 2"
"ENSG00000035403","Cluster 2"
"ENSG00000038002","Cluster 1"
"ENSG00000040341","Cluster 1"
"ENSG00000040731","Cluster 1"
"ENSG00000041982","Cluster 2"
"ENSG00000043355","Cluster 2"
"ENSG00000044524","Cluster 1"
"ENSG00000046653","Cluster 1"
"ENSG00000047365","Cluster 2"
"ENSG00000047662","Cluster 2"
"ENSG00000050165","Cluster 1"
"ENSG00000050405","Cluster 2"
"ENSG00000050767","Cluster 1"
"ENSG00000051108","Cluster 2"
"ENSG00000053524","Cluster 2"
"ENSG00000054267","Cluster 2"
"ENSG00000054690","Cluster 1"
"ENSG00000055609","Cluster 2"
"ENSG00000057608","Cluster 1"
"ENSG00000058262","Cluster 2"
"ENSG00000058404","Cluster 1"
"ENSG00000058668","Cluster 1"
"ENSG00000059691","Cluster 1"
"ENSG00000060138","Cluster 2"
"ENSG00000060339","Cluster 2"
"ENSG00000060718","Cluster 2"
"ENSG00000060982","Cluster 2"
"ENSG00000061918","Cluster 2"
"ENSG00000064270","Cluster 1"
"ENSG00000064309","Cluster 2"
"ENSG00000065357","Cluster 2"
"ENSG00000065534","Cluster 2"
"ENSG00000065548","Cluster 2"
"ENSG00000065717","Cluster 1"
"ENSG00000066933","Cluster 2"
"ENSG00000067057","Cluster 2"
"ENSG00000067064","Cluster 2"
"ENSG00000067182","Cluster 2"
"ENSG00000068078","Cluster 1"
"ENSG00000068323","Cluster 2"
"ENSG00000068366","Cluster 2"
"ENSG00000068489","Cluster 2"
"ENSG00000069667","Cluster 1"
"ENSG00000069849","Cluster 2"
"ENSG00000069966","Cluster 2"
"ENSG00000070961","Cluster 2"
"ENSG00000072042","Cluster 2"
"ENSG00000072133","Cluster 1"
"ENSG00000072571","Cluster 2"
"ENSG00000073067","Cluster 2"
"ENSG00000073712","Cluster 2"
"ENSG00000074047","Cluster 2"
"ENSG00000075043","Cluster 1"
"ENSG00000075275","Cluster 1"
"ENSG00000075426","Cluster 2"
"ENSG00000076003","Cluster 1"
"ENSG00000077150","Cluster 2"
"ENSG00000077274","Cluster 1"
"ENSG00000077279","Cluster 1"
"ENSG00000077616","Cluster 1"
"ENSG00000077942","Cluster 1"
"ENSG00000078053","Cluster 2"
"ENSG00000078114","Cluster 2"
"ENSG00000078549","Cluster 1"
"ENSG00000078687","Cluster 2"
"ENSG00000078795","Cluster 1"
"ENSG00000079112","Cluster 2"
"ENSG00000079156","Cluster 2"
"ENSG00000079308","Cluster 1"
"ENSG00000079459","Cluster 2"
"ENSG00000080166","Cluster 2"
"ENSG00000080561","Cluster 2"
"ENSG00000080644","Cluster 1"
"ENSG00000080709","Cluster 1"
"ENSG00000081138","Cluster 1"
"ENSG00000081692","Cluster 1"
"ENSG00000082497","Cluster 2"
"ENSG00000083720","Cluster 1"
"ENSG00000083838","Cluster 1"
"ENSG00000084234","Cluster 2"
"ENSG00000084734","Cluster 2"
"ENSG00000085117","Cluster 2"
"ENSG00000086062","Cluster 2"
"ENSG00000086712","Cluster 2"
"ENSG00000086717","Cluster 2"
"ENSG00000087077","Cluster 2"
"ENSG00000087263","Cluster 2"
"ENSG00000087495","Cluster 1"
"ENSG00000088280","Cluster 1"
"ENSG00000088727","Cluster 1"
"ENSG00000089101","Cluster 1"
"ENSG00000089351","Cluster 2"
"ENSG00000089847","Cluster 1"
"ENSG00000090006","Cluster 2"
"ENSG00000090530","Cluster 2"
"ENSG00000090539","Cluster 1"
"ENSG00000090581","Cluster 1"
"ENSG00000090861","Cluster 2"
"ENSG00000090932","Cluster 1"
"ENSG00000091127","Cluster 1"
"ENSG00000091137","Cluster 1"
"ENSG00000091164","Cluster 1"
"ENSG00000091527","Cluster 2"
"ENSG00000091844","Cluster 2"
"ENSG00000092068","Cluster 2"
"ENSG00000092108","Cluster 2"
"ENSG00000092140","Cluster 2"
"ENSG00000092850","Cluster 1"
"ENSG00000092964","Cluster 1"
"ENSG00000096696","Cluster 2"
"ENSG00000099139","Cluster 2"
"ENSG00000099338","Cluster 1"
"ENSG00000099715","Cluster 2"
"ENSG00000099725","Cluster 2"
"ENSG00000099812","Cluster 2"
"ENSG00000100078","Cluster 2"
"ENSG00000100097","Cluster 2"
"ENSG00000100105","Cluster 1"
"ENSG00000100167","Cluster 1"
"ENSG00000100191","Cluster 2"
"ENSG00000100219","Cluster 2"
"ENSG00000100276","Cluster 2"
"ENSG00000100320","Cluster 2"
"ENSG00000100354","Cluster 1"
"ENSG00000100364","Cluster 1"
"ENSG00000100427","Cluster 1"
"ENSG00000100504","Cluster 2"
"ENSG00000100522","Cluster 2"
"ENSG00000100599","Cluster 1"
"ENSG00000100614","Cluster 2"
"ENSG00000100625","Cluster 2"
"ENSG00000100664","Cluster 1"
"ENSG00000100767","Cluster 1"
"ENSG00000100823","Cluster 1"
"ENSG00000100867","Cluster 2"
"ENSG00000100934","Cluster 2"
"ENSG00000100991","Cluster 2"
"ENSG00000101182","Cluster 1"
"ENSG00000101220","Cluster 1"
"ENSG00000101255","Cluster 2"
"ENSG00000101384","Cluster 2"
"ENSG00000101463","Cluster 1"
"ENSG00000101665","Cluster 1"
"ENSG00000101670","Cluster 2"
"ENSG00000101825","Cluster 2"
"ENSG00000101843","Cluster 2"
"ENSG00000101856","Cluster 1"
"ENSG00000101955","Cluster 2"
"ENSG00000101986","Cluster 1"
"ENSG00000102034","Cluster 1"
"ENSG00000102119","Cluster 1"
"ENSG00000102290","Cluster 2"
"ENSG00000102317","Cluster 1"
"ENSG00000102401","Cluster 2"
"ENSG00000102547","Cluster 2"
"ENSG00000102554","Cluster 2"
"ENSG00000103005","Cluster 1"
"ENSG00000103042","Cluster 1"
"ENSG00000103145","Cluster 2"
"ENSG00000103154","Cluster 2"
"ENSG00000103160","Cluster 1"
"ENSG00000103196","Cluster 1"
"ENSG00000103449","Cluster 1"
"ENSG00000103460","Cluster 2"
"ENSG00000103942","Cluster 2"
"ENSG00000103966","Cluster 2"
"ENSG00000103994","Cluster 2"
"ENSG00000103995","Cluster 2"
"ENSG00000104112","Cluster 1"
"ENSG00000104267","Cluster 2"
"ENSG00000104290","Cluster 2"
"ENSG00000104332","Cluster 1"
"ENSG00000104490","Cluster 2"
"ENSG00000105251","Cluster 1"
"ENSG00000105258","Cluster 1"
"ENSG00000105281","Cluster 2"
"ENSG00000105327","Cluster 2"
"ENSG00000105376","Cluster 2"
"ENSG00000105516","Cluster 2"
"ENSG00000105668","Cluster 2"
"ENSG00000105696","Cluster 2"
"ENSG00000105784","Cluster 2"
"ENSG00000105825","Cluster 2"
"ENSG00000105829","Cluster 2"
"ENSG00000105877","Cluster 2"
"ENSG00000105939","Cluster 2"
"ENSG00000106003","Cluster 2"
"ENSG00000106049","Cluster 2"
"ENSG00000106123","Cluster 1"
"ENSG00000106125","Cluster 1"
"ENSG00000106211","Cluster 2"
"ENSG00000106236","Cluster 1"
"ENSG00000106290","Cluster 1"
"ENSG00000106336","Cluster 2"
"ENSG00000106537","Cluster 1"
"ENSG00000106571","Cluster 2"
"ENSG00000106689","Cluster 2"
"ENSG00000106772","Cluster 2"
"ENSG00000106799","Cluster 1"
"ENSG00000106868","Cluster 1"
"ENSG00000107338","Cluster 1"
"ENSG00000107679","Cluster 2"
"ENSG00000107864","Cluster 1"
"ENSG00000107929","Cluster 2"
"ENSG00000107949","Cluster 1"
"ENSG00000108018","Cluster 2"
"ENSG00000108091","Cluster 2"
"ENSG00000108106","Cluster 2"
"ENSG00000108175","Cluster 1"
"ENSG00000108828","Cluster 2"
"ENSG00000108840","Cluster 2"
"ENSG00000108861","Cluster 2"
"ENSG00000108950","Cluster 1"
"ENSG00000108960","Cluster 1"
"ENSG00000109062","Cluster 1"
"ENSG00000109107","Cluster 2"
"ENSG00000109113","Cluster 1"
"ENSG00000109436","Cluster 2"
"ENSG00000109472","Cluster 1"
"ENSG00000109670","Cluster 2"
"ENSG00000109758","Cluster 2"
"ENSG00000109762","Cluster 1"
"ENSG00000109790","Cluster 1"
"ENSG00000109819","Cluster 2"
"ENSG00000109854","Cluster 1"
"ENSG00000109911","Cluster 2"
"ENSG00000109991","Cluster 1"
"ENSG00000110148","Cluster 2"
"ENSG00000110195","Cluster 2"
"ENSG00000110318","Cluster 1"
"ENSG00000110328","Cluster 1"
"ENSG00000110583","Cluster 1"
"ENSG00000110723","Cluster 2"
"ENSG00000110799","Cluster 2"
"ENSG00000110841","Cluster 2"
"ENSG00000111011","Cluster 2"
"ENSG00000111087","Cluster 1"
"ENSG00000111186","Cluster 2"
"ENSG00000111261","Cluster 2"
"ENSG00000111300","Cluster 2"
"ENSG00000111432","Cluster 1"
"ENSG00000111678","Cluster 2"
"ENSG00000111679","Cluster 1"
"ENSG00000111728","Cluster 1"
"ENSG00000111799","Cluster 1"
"ENSG00000111817","Cluster 2"
"ENSG00000111846","Cluster 2"
"ENSG00000111981","Cluster 2"
"ENSG00000112039","Cluster 1"
"ENSG00000112164","Cluster 1"
"ENSG00000112249","Cluster 2"
"ENSG00000112320","Cluster 2"
"ENSG00000112378","Cluster 2"
"ENSG00000112406","Cluster 2"
"ENSG00000112531","Cluster 1"
"ENSG00000112539","Cluster 1"
"ENSG00000112562","Cluster 1"
"ENSG00000112658","Cluster 2"
"ENSG00000112773","Cluster 2"
"ENSG00000112787","Cluster 1"
"ENSG00000112893","Cluster 2"
"ENSG00000112941","Cluster 2"
"ENSG00000112977","Cluster 2"
"ENSG00000112984","Cluster 2"
"ENSG00000113262","Cluster 1"
"ENSG00000113319","Cluster 1"
"ENSG00000113327","Cluster 1"
"ENSG00000113361","Cluster 1"
"ENSG00000113448","Cluster 2"
"ENSG00000113522","Cluster 1"
"ENSG00000113719","Cluster 1"
"ENSG00000114279","Cluster 1"
"ENSG00000114315","Cluster 2"
"ENSG00000114346","Cluster 2"
"ENSG00000114374","Cluster 2"
"ENSG00000114670","Cluster 1"
"ENSG00000114739","Cluster 1"
"ENSG00000115163","Cluster 2"
"ENSG00000115310","Cluster 1"
"ENSG00000115353","Cluster 1"
"ENSG00000115425","Cluster 2"
"ENSG00000115468","Cluster 1"
"ENSG00000115474","Cluster 2"
"ENSG00000115520","Cluster 2"
"ENSG00000115738","Cluster 2"
"ENSG00000115806","Cluster 2"
"ENSG00000115884","Cluster 2"
"ENSG00000115970","Cluster 1"
"ENSG00000116035","Cluster 2"
"ENSG00000116039","Cluster 2"
"ENSG00000116106","Cluster 2"
"ENSG00000116329","Cluster 1"
"ENSG00000116544","Cluster 2"
"ENSG00000116574","Cluster 2"
"ENSG00000116667","Cluster 2"
"ENSG00000116717","Cluster 2"
"ENSG00000116750","Cluster 2"
"ENSG00000116761","Cluster 2"
"ENSG00000116774","Cluster 1"
"ENSG00000116783","Cluster 1"
"ENSG00000116962","Cluster 1"
"ENSG00000117322","Cluster 2"
"ENSG00000117425","Cluster 1"
"ENSG00000117519","Cluster 2"
"ENSG00000117569","Cluster 1"
"ENSG00000117592","Cluster 2"
"ENSG00000117650","Cluster 2"
"ENSG00000117791","Cluster 1"
"ENSG00000117868","Cluster 2"
"ENSG00000118058","Cluster 2"
"ENSG00000118137","Cluster 1"
"ENSG00000118263","Cluster 2"
"ENSG00000118473","Cluster 2"
"ENSG00000118495","Cluster 1"
"ENSG00000118689","Cluster 2"
"ENSG00000118690","Cluster 1"
"ENSG00000118729","Cluster 1"
"ENSG00000118965","Cluster 1"
"ENSG00000119138","Cluster 2"
"ENSG00000119537","Cluster 2"
"ENSG00000119630","Cluster 1"
"ENSG00000119699","Cluster 1"
"ENSG00000119777","Cluster 2"
"ENSG00000119787","Cluster 2"
"ENSG00000119862","Cluster 2"
"ENSG00000119899","Cluster 2"
"ENSG00000119922","Cluster 2"
"ENSG00000119953","Cluster 2"
"ENSG00000120051","Cluster 1"
"ENSG00000120129","Cluster 2"
"ENSG00000120254","Cluster 2"
"ENSG00000120262","Cluster 1"
"ENSG00000120332","Cluster 1"
"ENSG00000120457","Cluster 2"
"ENSG00000120539","Cluster 2"
"ENSG00000120669","Cluster 1"
"ENSG00000120675","Cluster 2"
"ENSG00000120696","Cluster 1"
"ENSG00000120738","Cluster 2"
"ENSG00000120756","Cluster 2"
"ENSG00000120875","Cluster 2"
"ENSG00000120949","Cluster 2"
"ENSG00000121005","Cluster 1"
"ENSG00000121310","Cluster 1"
"ENSG00000121361","Cluster 1"
"ENSG00000121440","Cluster 1"
"ENSG00000121903","Cluster 2"
"ENSG00000121966","Cluster 1"
"ENSG00000122042","Cluster 1"
"ENSG00000122417","Cluster 1"
"ENSG00000122859","Cluster 1"
"ENSG00000122971","Cluster 1"
"ENSG00000123095","Cluster 2"
"ENSG00000123096","Cluster 1"
"ENSG00000123240","Cluster 2"
"ENSG00000123243","Cluster 1"
"ENSG00000123411","Cluster 1"
"ENSG00000123485","Cluster 2"
"ENSG00000123560","Cluster 2"
"ENSG00000123836","Cluster 2"
"ENSG00000123977","Cluster 1"
"ENSG00000124067","Cluster 2"
"ENSG00000124092","Cluster 1"
"ENSG00000124126","Cluster 1"
"ENSG00000124151","Cluster 1"
"ENSG00000124172","Cluster 2"
"ENSG00000124191","Cluster 1"
"ENSG00000124193","Cluster 1"
"ENSG00000124243","Cluster 2"
"ENSG00000124370","Cluster 2"
"ENSG00000124493","Cluster 1"
"ENSG00000124641","Cluster 2"
"ENSG00000124787","Cluster 1"
"ENSG00000124813","Cluster 1"
"ENSG00000124920","Cluster 1"
"ENSG00000125148","Cluster 2"
"ENSG00000125257","Cluster 1"
"ENSG00000125430","Cluster 2"
"ENSG00000125798","Cluster 1"
"ENSG00000125804","Cluster 1"
"ENSG00000125820","Cluster 1"
"ENSG00000125843","Cluster 1"
"ENSG00000125844","Cluster 2"
"ENSG00000125869","Cluster 2"
"ENSG00000125952","Cluster 2"
"ENSG00000125968","Cluster 2"
"ENSG00000125995","Cluster 2"
"ENSG00000126088","Cluster 1"
"ENSG00000126461","Cluster 2"
"ENSG00000126773","Cluster 1"
"ENSG00000126775","Cluster 1"
"ENSG00000126804","Cluster 1"
"ENSG00000126878","Cluster 1"
"ENSG00000126947","Cluster 2"
"ENSG00000126950","Cluster 1"
"ENSG00000127054","Cluster 1"
"ENSG00000127084","Cluster 1"
"ENSG00000127334","Cluster 1"
"ENSG00000127418","Cluster 1"
"ENSG00000127419","Cluster 1"
"ENSG00000127445","Cluster 1"
"ENSG00000127585","Cluster 1"
"ENSG00000127720","Cluster 1"
"ENSG00000127914","Cluster 2"
"ENSG00000127920","Cluster 2"
"ENSG00000127922","Cluster 2"
"ENSG00000127990","Cluster 2"
"ENSG00000128000","Cluster 1"
"ENSG00000128016","Cluster 2"
"ENSG00000128039","Cluster 2"
"ENSG00000128283","Cluster 2"
"ENSG00000128422","Cluster 2"
"ENSG00000128564","Cluster 2"
"ENSG00000128567","Cluster 1"
"ENSG00000128610","Cluster 2"
"ENSG00000128872","Cluster 1"
"ENSG00000129038","Cluster 1"
"ENSG00000129116","Cluster 2"
"ENSG00000129167","Cluster 1"
"ENSG00000129675","Cluster 1"
"ENSG00000129910","Cluster 1"
"ENSG00000130024","Cluster 1"
"ENSG00000130164","Cluster 2"
"ENSG00000130176","Cluster 2"
"ENSG00000130287","Cluster 1"
"ENSG00000130294","Cluster 2"
"ENSG00000130340","Cluster 2"
"ENSG00000130413","Cluster 1"
"ENSG00000130513","Cluster 2"
"ENSG00000130540","Cluster 2"
"ENSG00000130558","Cluster 1"
"ENSG00000130695","Cluster 2"
"ENSG00000130700","Cluster 1"
"ENSG00000130725","Cluster 2"
"ENSG00000130734","Cluster 1"
"ENSG00000130940","Cluster 1"
"ENSG00000131019","Cluster 1"
"ENSG00000131069","Cluster 2"
"ENSG00000131080","Cluster 2"
"ENSG00000131263","Cluster 2"
"ENSG00000131375","Cluster 2"
"ENSG00000131477","Cluster 1"
"ENSG00000131668","Cluster 2"
"ENSG00000131730","Cluster 1"
"ENSG00000131773","Cluster 1"
"ENSG00000131781","Cluster 1"
"ENSG00000131848","Cluster 1"
"ENSG00000131914","Cluster 1"
"ENSG00000131981","Cluster 2"
"ENSG00000132016","Cluster 1"
"ENSG00000132196","Cluster 2"
"ENSG00000132199","Cluster 1"
"ENSG00000132256","Cluster 2"
"ENSG00000132321","Cluster 1"
"ENSG00000132669","Cluster 1"
"ENSG00000132680","Cluster 2"
"ENSG00000132688","Cluster 1"
"ENSG00000133027","Cluster 2"
"ENSG00000133030","Cluster 1"
"ENSG00000133056","Cluster 1"
"ENSG00000133124","Cluster 2"
"ENSG00000133863","Cluster 1"
"ENSG00000133884","Cluster 2"
"ENSG00000134013","Cluster 2"
"ENSG00000134115","Cluster 1"
"ENSG00000134138","Cluster 2"
"ENSG00000134215","Cluster 2"
"ENSG00000134222","Cluster 2"
"ENSG00000134250","Cluster 2"
"ENSG00000134259","Cluster 2"
"ENSG00000134369","Cluster 2"
"ENSG00000134376","Cluster 1"
"ENSG00000134490","Cluster 2"
"ENSG00000134532","Cluster 1"
"ENSG00000134533","Cluster 1"
"ENSG00000134569","Cluster 1"
"ENSG00000134744","Cluster 2"
"ENSG00000134769","Cluster 2"
"ENSG00000134852","Cluster 2"
"ENSG00000134982","Cluster 1"
"ENSG00000135045","Cluster 2"
"ENSG00000135090","Cluster 1"
"ENSG00000135248","Cluster 2"
"ENSG00000135406","Cluster 2"
"ENSG00000135454","Cluster 1"
"ENSG00000135637","Cluster 1"
"ENSG00000135862","Cluster 2"
"ENSG00000135916","Cluster 1"
"ENSG00000136014","Cluster 1"
"ENSG00000136044","Cluster 1"
"ENSG00000136104","Cluster 1"
"ENSG00000136193","Cluster 2"
"ENSG00000136197","Cluster 1"
"ENSG00000136327","Cluster 1"
"ENSG00000136352","Cluster 1"
"ENSG00000136383","Cluster 1"
"ENSG00000136448","Cluster 2"
"ENSG00000136478","Cluster 1"
"ENSG00000136485","Cluster 1"
"ENSG00000136541","Cluster 1"
"ENSG00000136720","Cluster 1"
"ENSG00000136826","Cluster 2"
"ENSG00000136859","Cluster 1"
"ENSG00000136868","Cluster 2"
"ENSG00000137094","Cluster 2"
"ENSG00000137124","Cluster 1"
"ENSG00000137154","Cluster 1"
"ENSG00000137166","Cluster 2"
"ENSG00000137309","Cluster 2"
"ENSG00000137393","Cluster 1"
"ENSG00000137628","Cluster 2"
"ENSG00000137691","Cluster 1"
"ENSG00000137700","Cluster 1"
"ENSG00000137802","Cluster 2"
"ENSG00000137818","Cluster 2"
"ENSG00000137875","Cluster 2"
"ENSG00000137962","Cluster 2"
"ENSG00000138029","Cluster 1"
"ENSG00000138069","Cluster 2"
"ENSG00000138134","Cluster 1"
"ENSG00000138166","Cluster 2"
"ENSG00000138385","Cluster 1"
"ENSG00000138400","Cluster 1"
"ENSG00000138413","Cluster 1"
"ENSG00000138434","Cluster 2"
"ENSG00000138495","Cluster 2"
"ENSG00000138606","Cluster 1"
"ENSG00000138646","Cluster 2"
"ENSG00000138650","Cluster 2"
"ENSG00000138653","Cluster 2"
"ENSG00000138658","Cluster 2"
"ENSG00000138670","Cluster 2"
"ENSG00000138685","Cluster 2"
"ENSG00000138709","Cluster 2"
"ENSG00000138768","Cluster 2"
"ENSG00000138771","Cluster 2"
"ENSG00000138772","Cluster 2"
"ENSG00000138798","Cluster 2"
"ENSG00000138823","Cluster 1"
"ENSG00000138829","Cluster 2"
"ENSG00000138944","Cluster 1"
"ENSG00000139174","Cluster 2"
"ENSG00000139289","Cluster 2"
"ENSG00000139352","Cluster 1"
"ENSG00000139354","Cluster 2"
"ENSG00000139364","Cluster 2"
"ENSG00000139438","Cluster 2"
"ENSG00000139445","Cluster 1"
"ENSG00000139613","Cluster 1"
"ENSG00000139679","Cluster 2"
"ENSG00000139800","Cluster 2"
"ENSG00000139832","Cluster 1"
"ENSG00000139910","Cluster 1"
"ENSG00000139974","Cluster 1"
"ENSG00000140105","Cluster 2"
"ENSG00000140287","Cluster 1"
"ENSG00000140332","Cluster 1"
"ENSG00000140416","Cluster 2"
"ENSG00000140443","Cluster 1"
"ENSG00000140455","Cluster 1"
"ENSG00000140474","Cluster 1"
"ENSG00000140479","Cluster 1"
"ENSG00000140534","Cluster 2"
"ENSG00000140538","Cluster 1"
"ENSG00000140743","Cluster 2"
"ENSG00000140807","Cluster 1"
"ENSG00000140931","Cluster 1"
"ENSG00000140937","Cluster 2"
"ENSG00000140943","Cluster 1"
"ENSG00000140950","Cluster 1"
"ENSG00000141012","Cluster 1"
"ENSG00000141052","Cluster 1"
"ENSG00000141179","Cluster 1"
"ENSG00000141198","Cluster 2"
"ENSG00000141294","Cluster 1"
"ENSG00000141441","Cluster 2"
"ENSG00000141449","Cluster 2"
"ENSG00000141458","Cluster 2"
"ENSG00000141622","Cluster 1"
"ENSG00000141744","Cluster 1"
"ENSG00000142089","Cluster 2"
"ENSG00000142149","Cluster 2"
"ENSG00000142186","Cluster 2"
"ENSG00000142227","Cluster 2"
"ENSG00000142538","Cluster 2"
"ENSG00000142549","Cluster 1"
"ENSG00000142611","Cluster 2"
"ENSG00000142621","Cluster 1"
"ENSG00000142634","Cluster 1"
"ENSG00000143013","Cluster 2"
"ENSG00000143067","Cluster 1"
"ENSG00000143126","Cluster 1"
"ENSG00000143127","Cluster 2"
"ENSG00000143162","Cluster 2"
"ENSG00000143258","Cluster 1"
"ENSG00000143315","Cluster 1"
"ENSG00000143333","Cluster 2"
"ENSG00000143473","Cluster 2"
"ENSG00000143570","Cluster 1"
"ENSG00000143669","Cluster 1"
"ENSG00000143768","Cluster 2"
"ENSG00000144040","Cluster 1"
"ENSG00000144331","Cluster 2"
"ENSG00000144369","Cluster 2"
"ENSG00000144406","Cluster 2"
"ENSG00000144476","Cluster 1"
"ENSG00000144481","Cluster 2"
"ENSG00000144566","Cluster 2"
"ENSG00000144579","Cluster 1"
"ENSG00000144724","Cluster 2"
"ENSG00000144749","Cluster 2"
"ENSG00000144810","Cluster 1"
"ENSG00000144852","Cluster 1"
"ENSG00000144857","Cluster 2"
"ENSG00000144893","Cluster 2"
"ENSG00000145012","Cluster 2"
"ENSG00000145022","Cluster 1"
"ENSG00000145029","Cluster 1"
"ENSG00000145217","Cluster 1"
"ENSG00000145365","Cluster 2"
"ENSG00000145391","Cluster 2"
"ENSG00000145626","Cluster 2"
"ENSG00000145632","Cluster 2"
"ENSG00000145642","Cluster 2"
"ENSG00000145824","Cluster 2"
"ENSG00000146013","Cluster 1"
"ENSG00000146232","Cluster 2"
"ENSG00000146242","Cluster 2"
"ENSG00000146247","Cluster 2"
"ENSG00000146278","Cluster 1"
"ENSG00000146411","Cluster 2"
"ENSG00000146426","Cluster 1"
"ENSG00000146592","Cluster 2"
"ENSG00000147065","Cluster 2"
"ENSG00000147162","Cluster 1"
"ENSG00000147454","Cluster 2"
"ENSG00000147642","Cluster 1"
"ENSG00000147853","Cluster 1"
"ENSG00000148053","Cluster 1"
"ENSG00000148175","Cluster 1"
"ENSG00000148248","Cluster 2"
"ENSG00000148584","Cluster 2"
"ENSG00000148700","Cluster 2"
"ENSG00000148704","Cluster 2"
"ENSG00000148814","Cluster 1"
"ENSG00000148826","Cluster 1"
"ENSG00000148950","Cluster 2"
"ENSG00000149090","Cluster 2"
"ENSG00000149289","Cluster 1"
"ENSG00000149294","Cluster 1"
"ENSG00000149403","Cluster 1"
"ENSG00000149451","Cluster 1"
"ENSG00000149571","Cluster 2"
"ENSG00000149658","Cluster 2"
"ENSG00000149716","Cluster 1"
"ENSG00000149809","Cluster 1"
"ENSG00000150636","Cluster 1"
"ENSG00000150687","Cluster 2"
"ENSG00000150760","Cluster 1"
"ENSG00000150764","Cluster 1"
"ENSG00000150776","Cluster 1"
"ENSG00000150907","Cluster 1"
"ENSG00000150991","Cluster 2"
"ENSG00000150995","Cluster 1"
"ENSG00000151150","Cluster 2"
"ENSG00000151233","Cluster 2"
"ENSG00000151376","Cluster 2"
"ENSG00000151445","Cluster 1"
"ENSG00000151474","Cluster 2"
"ENSG00000151498","Cluster 1"
"ENSG00000151502","Cluster 1"
"ENSG00000151690","Cluster 1"
"ENSG00000151692","Cluster 1"
"ENSG00000152104","Cluster 2"
"ENSG00000152137","Cluster 2"
"ENSG00000152193","Cluster 1"
"ENSG00000152213","Cluster 2"
"ENSG00000152219","Cluster 2"
"ENSG00000152413","Cluster 2"
"ENSG00000152518","Cluster 2"
"ENSG00000152578","Cluster 1"
"ENSG00000152661","Cluster 2"
"ENSG00000152767","Cluster 2"
"ENSG00000152926","Cluster 1"
"ENSG00000152931","Cluster 2"
"ENSG00000152977","Cluster 2"
"ENSG00000153093","Cluster 2"
"ENSG00000153094","Cluster 2"
"ENSG00000153179","Cluster 2"
"ENSG00000153208","Cluster 2"
"ENSG00000153404","Cluster 2"
"ENSG00000153551","Cluster 1"
"ENSG00000153789","Cluster 1"
"ENSG00000153879","Cluster 2"
"ENSG00000153898","Cluster 2"
"ENSG00000153904","Cluster 1"
"ENSG00000154027","Cluster 1"
"ENSG00000154099","Cluster 1"
"ENSG00000154153","Cluster 1"
"ENSG00000154269","Cluster 1"
"ENSG00000154447","Cluster 2"
"ENSG00000154553","Cluster 2"
"ENSG00000154640","Cluster 2"
"ENSG00000154645","Cluster 2"
"ENSG00000154743","Cluster 1"
"ENSG00000154760","Cluster 1"
"ENSG00000154803","Cluster 1"
"ENSG00000154814","Cluster 2"
"ENSG00000155254","Cluster 2"
"ENSG00000155511","Cluster 2"
"ENSG00000155850","Cluster 1"
"ENSG00000155903","Cluster 2"
"ENSG00000155966","Cluster 1"
"ENSG00000156011","Cluster 1"
"ENSG00000156049","Cluster 1"
"ENSG00000156232","Cluster 2"
"ENSG00000156299","Cluster 2"
"ENSG00000156395","Cluster 1"
"ENSG00000156587","Cluster 2"
"ENSG00000156675","Cluster 2"
"ENSG00000156687","Cluster 2"
"ENSG00000156925","Cluster 2"
"ENSG00000156928","Cluster 2"
"ENSG00000156959","Cluster 1"
"ENSG00000156966","Cluster 1"
"ENSG00000157064","Cluster 1"
"ENSG00000157077","Cluster 2"
"ENSG00000157168","Cluster 2"
"ENSG00000157216","Cluster 1"
"ENSG00000157404","Cluster 1"
"ENSG00000157637","Cluster 1"
"ENSG00000157654","Cluster 2"
"ENSG00000157796","Cluster 1"
"ENSG00000158079","Cluster 2"
"ENSG00000158122","Cluster 2"
"ENSG00000158163","Cluster 2"
"ENSG00000158201","Cluster 1"
"ENSG00000158246","Cluster 2"
"ENSG00000158290","Cluster 2"
"ENSG00000158402","Cluster 2"
"ENSG00000158711","Cluster 2"
"ENSG00000158716","Cluster 1"
"ENSG00000158792","Cluster 2"
"ENSG00000158813","Cluster 2"
"ENSG00000158887","Cluster 1"
"ENSG00000158966","Cluster 2"
"ENSG00000159164","Cluster 2"
"ENSG00000159251","Cluster 2"
"ENSG00000159388","Cluster 2"
"ENSG00000159403","Cluster 1"
"ENSG00000159479","Cluster 2"
"ENSG00000159792","Cluster 2"
"ENSG00000159921","Cluster 2"
"ENSG00000160072","Cluster 2"
"ENSG00000160094","Cluster 1"
"ENSG00000160111","Cluster 1"
"ENSG00000160179","Cluster 1"
"ENSG00000160211","Cluster 1"
"ENSG00000160233","Cluster 1"
"ENSG00000160298","Cluster 1"
"ENSG00000160345","Cluster 1"
"ENSG00000160360","Cluster 1"
"ENSG00000160606","Cluster 2"
"ENSG00000160888","Cluster 2"
"ENSG00000160972","Cluster 1"
"ENSG00000161638","Cluster 2"
"ENSG00000161681","Cluster 1"
"ENSG00000161896","Cluster 2"
"ENSG00000162105","Cluster 1"
"ENSG00000162300","Cluster 2"
"ENSG00000162344","Cluster 1"
"ENSG00000162426","Cluster 1"
"ENSG00000162438","Cluster 1"
"ENSG00000162496","Cluster 1"
"ENSG00000162543","Cluster 1"
"ENSG00000162552","Cluster 1"
"ENSG00000162576","Cluster 1"
"ENSG00000162694","Cluster 1"
"ENSG00000162738","Cluster 1"
"ENSG00000162746","Cluster 2"
"ENSG00000162769","Cluster 2"
"ENSG00000162783","Cluster 2"
"ENSG00000162971","Cluster 2"
"ENSG00000162976","Cluster 1"
"ENSG00000162998","Cluster 1"
"ENSG00000163053","Cluster 2"
"ENSG00000163071","Cluster 2"
"ENSG00000163156","Cluster 1"
"ENSG00000163162","Cluster 2"
"ENSG00000163171","Cluster 1"
"ENSG00000163249","Cluster 2"
"ENSG00000163377","Cluster 1"
"ENSG00000163453","Cluster 1"
"ENSG00000163482","Cluster 1"
"ENSG00000163510","Cluster 2"
"ENSG00000163531","Cluster 1"
"ENSG00000163545","Cluster 2"
"ENSG00000163602","Cluster 1"
"ENSG00000163617","Cluster 1"
"ENSG00000163635","Cluster 2"
"ENSG00000163811","Cluster 2"
"ENSG00000163873","Cluster 1"
"ENSG00000163935","Cluster 2"
"ENSG00000164040","Cluster 2"
"ENSG00000164056","Cluster 2"
"ENSG00000164109","Cluster 2"
"ENSG00000164111","Cluster 2"
"ENSG00000164120","Cluster 1"
"ENSG00000164244","Cluster 2"
"ENSG00000164294","Cluster 2"
"ENSG00000164296","Cluster 1"
"ENSG00000164307","Cluster 2"
"ENSG00000164611","Cluster 2"
"ENSG00000164619","Cluster 1"
"ENSG00000164649","Cluster 2"
"ENSG00000164651","Cluster 2"
"ENSG00000164659","Cluster 2"
"ENSG00000164683","Cluster 1"
"ENSG00000164690","Cluster 1"
"ENSG00000164758","Cluster 2"
"ENSG00000164850","Cluster 1"
"ENSG00000164879","Cluster 2"
"ENSG00000164904","Cluster 1"
"ENSG00000164929","Cluster 2"
"ENSG00000164938","Cluster 1"
"ENSG00000164946","Cluster 1"
"ENSG00000164951","Cluster 2"
"ENSG00000164976","Cluster 1"
"ENSG00000165029","Cluster 1"
"ENSG00000165181","Cluster 2"
"ENSG00000165215","Cluster 2"
"ENSG00000165443","Cluster 2"
"ENSG00000165475","Cluster 1"
"ENSG00000165588","Cluster 2"
"ENSG00000165661","Cluster 1"
"ENSG00000165795","Cluster 1"
"ENSG00000166002","Cluster 2"
"ENSG00000166037","Cluster 2"
"ENSG00000166171","Cluster 1"
"ENSG00000166250","Cluster 2"
"ENSG00000166265","Cluster 1"
"ENSG00000166343","Cluster 2"
"ENSG00000166407","Cluster 2"
"ENSG00000166432","Cluster 1"
"ENSG00000166450","Cluster 1"
"ENSG00000166452","Cluster 2"
"ENSG00000166471","Cluster 2"
"ENSG00000166492","Cluster 1"
"ENSG00000166573","Cluster 1"
"ENSG00000166578","Cluster 1"
"ENSG00000166579","Cluster 2"
"ENSG00000166848","Cluster 2"
"ENSG00000166886","Cluster 2"
"ENSG00000166987","Cluster 1"
"ENSG00000167107","Cluster 1"
"ENSG00000167110","Cluster 2"
"ENSG00000167272","Cluster 1"
"ENSG00000167434","Cluster 2"
"ENSG00000167460","Cluster 2"
"ENSG00000167522","Cluster 1"
"ENSG00000167552","Cluster 1"
"ENSG00000167654","Cluster 2"
"ENSG00000167657","Cluster 2"
"ENSG00000167680","Cluster 2"
"ENSG00000167904","Cluster 2"
"ENSG00000168003","Cluster 2"
"ENSG00000168209","Cluster 2"
"ENSG00000168264","Cluster 2"
"ENSG00000168461","Cluster 1"
"ENSG00000168487","Cluster 1"
"ENSG00000168546","Cluster 1"
"ENSG00000168575","Cluster 1"
"ENSG00000168679","Cluster 2"
"ENSG00000168710","Cluster 2"
"ENSG00000168806","Cluster 1"
"ENSG00000168811","Cluster 2"
"ENSG00000168874","Cluster 2"
"ENSG00000168961","Cluster 2"
"ENSG00000169062","Cluster 1"
"ENSG00000169241","Cluster 2"
"ENSG00000169251","Cluster 1"
"ENSG00000169604","Cluster 1"
"ENSG00000169750","Cluster 1"
"ENSG00000169760","Cluster 2"
"ENSG00000169857","Cluster 2"
"ENSG00000169877","Cluster 1"
"ENSG00000169891","Cluster 1"
"ENSG00000169946","Cluster 1"
"ENSG00000169967","Cluster 2"
"ENSG00000170006","Cluster 1"
"ENSG00000170043","Cluster 2"
"ENSG00000170153","Cluster 1"
"ENSG00000170264","Cluster 1"
"ENSG00000170275","Cluster 2"
"ENSG00000170340","Cluster 2"
"ENSG00000170345","Cluster 2"
"ENSG00000170382","Cluster 1"
"ENSG00000170419","Cluster 2"
"ENSG00000170571","Cluster 2"
"ENSG00000170734","Cluster 2"
"ENSG00000170743","Cluster 2"
"ENSG00000170893","Cluster 2"
"ENSG00000170989","Cluster 1"
"ENSG00000171004","Cluster 2"
"ENSG00000171056","Cluster 1"
"ENSG00000171100","Cluster 2"
"ENSG00000171148","Cluster 2"
"ENSG00000171223","Cluster 2"
"ENSG00000171476","Cluster 1"
"ENSG00000171488","Cluster 2"
"ENSG00000171596","Cluster 1"
"ENSG00000171617","Cluster 2"
"ENSG00000171724","Cluster 2"
"ENSG00000171812","Cluster 1"
"ENSG00000171817","Cluster 1"
"ENSG00000171956","Cluster 1"
"ENSG00000172007","Cluster 2"
"ENSG00000172020","Cluster 2"
"ENSG00000172037","Cluster 2"
"ENSG00000172123","Cluster 2"
"ENSG00000172159","Cluster 1"
"ENSG00000172175","Cluster 2"
"ENSG00000172264","Cluster 1"
"ENSG00000172296","Cluster 2"
"ENSG00000172318","Cluster 2"
"ENSG00000172339","Cluster 1"
"ENSG00000172403","Cluster 1"
"ENSG00000172893","Cluster 2"
"ENSG00000172965","Cluster 2"
"ENSG00000172986","Cluster 2"
"ENSG00000172987","Cluster 2"
"ENSG00000173041","Cluster 2"
"ENSG00000173065","Cluster 2"
"ENSG00000173110","Cluster 2"
"ENSG00000173230","Cluster 2"
"ENSG00000173258","Cluster 2"
"ENSG00000173275","Cluster 1"
"ENSG00000173320","Cluster 1"
"ENSG00000173334","Cluster 2"
"ENSG00000173376","Cluster 2"
"ENSG00000173535","Cluster 2"
"ENSG00000173548","Cluster 1"
"ENSG00000173599","Cluster 1"
"ENSG00000173811","Cluster 1"
"ENSG00000173812","Cluster 2"
"ENSG00000173890","Cluster 2"
"ENSG00000174010","Cluster 2"
"ENSG00000174080","Cluster 1"
"ENSG00000174151","Cluster 1"
"ENSG00000174469","Cluster 2"
"ENSG00000174498","Cluster 1"
"ENSG00000174684","Cluster 1"
"ENSG00000174938","Cluster 2"
"ENSG00000175197","Cluster 2"
"ENSG00000175536","Cluster 1"
"ENSG00000175550","Cluster 2"
"ENSG00000175611","Cluster 1"
"ENSG00000175868","Cluster 2"
"ENSG00000175906","Cluster 2"
"ENSG00000175931","Cluster 2"
"ENSG00000175970","Cluster 1"
"ENSG00000176092","Cluster 1"
"ENSG00000176165","Cluster 2"
"ENSG00000176208","Cluster 2"
"ENSG00000176293","Cluster 1"
"ENSG00000176371","Cluster 1"
"ENSG00000176396","Cluster 1"
"ENSG00000176407","Cluster 2"
"ENSG00000176438","Cluster 2"
"ENSG00000176463","Cluster 2"
"ENSG00000176542","Cluster 1"
"ENSG00000176658","Cluster 1"
"ENSG00000176788","Cluster 1"
"ENSG00000176971","Cluster 2"
"ENSG00000177051","Cluster 1"
"ENSG00000177082","Cluster 1"
"ENSG00000177169","Cluster 1"
"ENSG00000177182","Cluster 2"
"ENSG00000177200","Cluster 1"
"ENSG00000177311","Cluster 2"
"ENSG00000177519","Cluster 2"
"ENSG00000177640","Cluster 1"
"ENSG00000177732","Cluster 1"
"ENSG00000177951","Cluster 2"
"ENSG00000177990","Cluster 1"
"ENSG00000178235","Cluster 2"
"ENSG00000178403","Cluster 2"
"ENSG00000178585","Cluster 2"
"ENSG00000178796","Cluster 1"
"ENSG00000178927","Cluster 1"
"ENSG00000178966","Cluster 1"
"ENSG00000179057","Cluster 1"
"ENSG00000179104","Cluster 1"
"ENSG00000179242","Cluster 2"
"ENSG00000179431","Cluster 2"
"ENSG00000179546","Cluster 1"
"ENSG00000179796","Cluster 2"
"ENSG00000179889","Cluster 2"
"ENSG00000180209","Cluster 2"
"ENSG00000180264","Cluster 1"
"ENSG00000180425","Cluster 1"
"ENSG00000180447","Cluster 2"
"ENSG00000180626","Cluster 1"
"ENSG00000180747","Cluster 2"
"ENSG00000180764","Cluster 2"
"ENSG00000180881","Cluster 1"
"ENSG00000180884","Cluster 2"
"ENSG00000180992","Cluster 2"
"ENSG00000181019","Cluster 2"
"ENSG00000181026","Cluster 2"
"ENSG00000181378","Cluster 1"
"ENSG00000181449","Cluster 2"
"ENSG00000181634","Cluster 2"
"ENSG00000181652","Cluster 1"
"ENSG00000182118","Cluster 2"
"ENSG00000182150","Cluster 1"
"ENSG00000182158","Cluster 2"
"ENSG00000182175","Cluster 1"
"ENSG00000182272","Cluster 1"
"ENSG00000182287","Cluster 2"
"ENSG00000182473","Cluster 1"
"ENSG00000182492","Cluster 2"
"ENSG00000182670","Cluster 2"
"ENSG00000182870","Cluster 1"
"ENSG00000182968","Cluster 2"
"ENSG00000183036","Cluster 2"
"ENSG00000183087","Cluster 2"
"ENSG00000183092","Cluster 2"
"ENSG00000183137","Cluster 2"
"ENSG00000183145","Cluster 2"
"ENSG00000183273","Cluster 2"
"ENSG00000183386","Cluster 2"
"ENSG00000183496","Cluster 1"
"ENSG00000183715","Cluster 1"
"ENSG00000183765","Cluster 2"
"ENSG00000183935","Cluster 1"
"ENSG00000183955","Cluster 2"
"ENSG00000184156","Cluster 2"
"ENSG00000184208","Cluster 1"
"ENSG00000184209","Cluster 1"
"ENSG00000184226","Cluster 2"
"ENSG00000184349","Cluster 2"
"ENSG00000184368","Cluster 2"
"ENSG00000184388","Cluster 2"
"ENSG00000184470","Cluster 2"
"ENSG00000184497","Cluster 1"
"ENSG00000184515","Cluster 2"
"ENSG00000184524","Cluster 2"
"ENSG00000184840","Cluster 2"
"ENSG00000184867","Cluster 2"
"ENSG00000184897","Cluster 2"
"ENSG00000185022","Cluster 2"
"ENSG00000185090","Cluster 1"
"ENSG00000185189","Cluster 1"
"ENSG00000185215","Cluster 2"
"ENSG00000185585","Cluster 1"
"ENSG00000185608","Cluster 1"
"ENSG00000185615","Cluster 2"
"ENSG00000185697","Cluster 2"
"ENSG00000185875","Cluster 1"
"ENSG00000185920","Cluster 1"
"ENSG00000185946","Cluster 2"
"ENSG00000185950","Cluster 2"
"ENSG00000186047","Cluster 1"
"ENSG00000186105","Cluster 2"
"ENSG00000186166","Cluster 2"
"ENSG00000186197","Cluster 1"
"ENSG00000186297","Cluster 2"
"ENSG00000186350","Cluster 1"
"ENSG00000186409","Cluster 1"
"ENSG00000186480","Cluster 2"
"ENSG00000186665","Cluster 1"
"ENSG00000186732","Cluster 1"
"ENSG00000186960","Cluster 2"
"ENSG00000187017","Cluster 2"
"ENSG00000187094","Cluster 2"
"ENSG00000187122","Cluster 1"
"ENSG00000187123","Cluster 1"
"ENSG00000187605","Cluster 1"
"ENSG00000187650","Cluster 1"
"ENSG00000187736","Cluster 1"
"ENSG00000187775","Cluster 2"
"ENSG00000187790","Cluster 2"
"ENSG00000187955","Cluster 1"
"ENSG00000187957","Cluster 2"
"ENSG00000188042","Cluster 2"
"ENSG00000188070","Cluster 1"
"ENSG00000188162","Cluster 1"
"ENSG00000188211","Cluster 2"
"ENSG00000188517","Cluster 2"
"ENSG00000188582","Cluster 2"
"ENSG00000188729","Cluster 1"
"ENSG00000188763","Cluster 1"
"ENSG00000188766","Cluster 2"
"ENSG00000189127","Cluster 2"
"ENSG00000189134","Cluster 2"
"ENSG00000189184","Cluster 2"
"ENSG00000189266","Cluster 1"
"ENSG00000189431","Cluster 1"
"ENSG00000196072","Cluster 2"
"ENSG00000196182","Cluster 2"
"ENSG00000196208","Cluster 1"
"ENSG00000196268","Cluster 1"
"ENSG00000196277","Cluster 1"
"ENSG00000196338","Cluster 1"
"ENSG00000196361","Cluster 1"
"ENSG00000196376","Cluster 2"
"ENSG00000196428","Cluster 2"
"ENSG00000196542","Cluster 1"
"ENSG00000196689","Cluster 2"
"ENSG00000196739","Cluster 1"
"ENSG00000197006","Cluster 1"
"ENSG00000197045","Cluster 1"
"ENSG00000197063","Cluster 2"
"ENSG00000197093","Cluster 1"
"ENSG00000197128","Cluster 1"
"ENSG00000197217","Cluster 2"
"ENSG00000197406","Cluster 2"
"ENSG00000197415","Cluster 1"
"ENSG00000197555","Cluster 2"
"ENSG00000197557","Cluster 1"
"ENSG00000197565","Cluster 2"
"ENSG00000197586","Cluster 2"
"ENSG00000197724","Cluster 1"
"ENSG00000197747","Cluster 2"
"ENSG00000197872","Cluster 1"
"ENSG00000197965","Cluster 2"
"ENSG00000198087","Cluster 2"
"ENSG00000198121","Cluster 2"
"ENSG00000198142","Cluster 1"
"ENSG00000198203","Cluster 2"
"ENSG00000198276","Cluster 1"
"ENSG00000198355","Cluster 2"
"ENSG00000198363","Cluster 2"
"ENSG00000198369","Cluster 2"
"ENSG00000198429","Cluster 1"
"ENSG00000198478","Cluster 2"
"ENSG00000198556","Cluster 1"
"ENSG00000198598","Cluster 2"
"ENSG00000198612","Cluster 1"
"ENSG00000198707","Cluster 2"
"ENSG00000198723","Cluster 1"
"ENSG00000198729","Cluster 1"
"ENSG00000198732","Cluster 2"
"ENSG00000198743","Cluster 2"
"ENSG00000198756","Cluster 2"
"ENSG00000198780","Cluster 2"
"ENSG00000198795","Cluster 2"
"ENSG00000198816","Cluster 1"
"ENSG00000198846","Cluster 1"
"ENSG00000198887","Cluster 2"
"ENSG00000198894","Cluster 1"
"ENSG00000198938","Cluster 2"
"ENSG00000198947","Cluster 2"
"ENSG00000200257","Cluster 1"
"ENSG00000200792","Cluster 2"
"ENSG00000201863","Cluster 1"
"ENSG00000203685","Cluster 1"
"ENSG00000203780","Cluster 1"
"ENSG00000203805","Cluster 2"
"ENSG00000203865","Cluster 1"
"ENSG00000203880","Cluster 1"
"ENSG00000204070","Cluster 1"
"ENSG00000204104","Cluster 1"
"ENSG00000204128","Cluster 1"
"ENSG00000204175","Cluster 1"
"ENSG00000204217","Cluster 1"
"ENSG00000204767","Cluster 1"
"ENSG00000204832","Cluster 1"
"ENSG00000204899","Cluster 2"
"ENSG00000204904","Cluster 2"
"ENSG00000204947","Cluster 1"
"ENSG00000204950","Cluster 1"
"ENSG00000204954","Cluster 2"
"ENSG00000205085","Cluster 1"
"ENSG00000205213","Cluster 2"
"ENSG00000205856","Cluster 2"
"ENSG00000205885","Cluster 2"
"ENSG00000207112","Cluster 2"
"ENSG00000210825","Cluster 2"
"ENSG00000211455","Cluster 1"
"ENSG00000213123","Cluster 1"
"ENSG00000213186","Cluster 2"
"ENSG00000213398","Cluster 2"
"ENSG00000213753","Cluster 2"
"ENSG00000214198","Cluster 1"
"ENSG00000214491","Cluster 2"
"ENSG00000214548","Cluster 2"
"ENSG00000214595","Cluster 1"
"ENSG00000214629","Cluster 2"
"ENSG00000214872","Cluster 1"
"ENSG00000215241","Cluster 1"
"ENSG00000215274","Cluster 1"
"ENSG00000215397","Cluster 1"
"ENSG00000215644","Cluster 1"
"ENSG00000217767","Cluster 2"
"ENSG00000218426","Cluster 2"
"ENSG00000219626","Cluster 1"
"ENSG00000220472","Cluster 2"
"ENSG00000220744","Cluster 1"
"ENSG00000221946","Cluster 1"
"ENSG00000221963","Cluster 2"
"ENSG00000221978","Cluster 1"
"ENSG00000222005","Cluster 2"
"ENSG00000222041","Cluster 2"
"ENSG00000222844","Cluster 1"
"ENSG00000223561","Cluster 1"
"ENSG00000223604","Cluster 1"
"ENSG00000223658","Cluster 1"
"ENSG00000223768","Cluster 1"
"ENSG00000224165","Cluster 1"
"ENSG00000224609","Cluster 2"
"ENSG00000224775","Cluster 1"
"ENSG00000224877","Cluster 1"
"ENSG00000225127","Cluster 1"
"ENSG00000225224","Cluster 2"
"ENSG00000225420","Cluster 2"
"ENSG00000225783","Cluster 1"
"ENSG00000225828","Cluster 2"
"ENSG00000225830","Cluster 1"
"ENSG00000226235","Cluster 2"
"ENSG00000226419","Cluster 1"
"ENSG00000226525","Cluster 1"
"ENSG00000227036","Cluster 1"
"ENSG00000227051","Cluster 1"
"ENSG00000227115","Cluster 1"
"ENSG00000227165","Cluster 1"
"ENSG00000227199","Cluster 1"
"ENSG00000227337","Cluster 1"
"ENSG00000227437","Cluster 2"
"ENSG00000228141","Cluster 2"
"ENSG00000228213","Cluster 2"
"ENSG00000228412","Cluster 1"
"ENSG00000228606","Cluster 1"
"ENSG00000228999","Cluster 2"
"ENSG00000229089","Cluster 1"
"ENSG00000229419","Cluster 2"
"ENSG00000229654","Cluster 1"
"ENSG00000230076","Cluster 2"
"ENSG00000230316","Cluster 2"
"ENSG00000230453","Cluster 2"
"ENSG00000230590","Cluster 1"
"ENSG00000231419","Cluster 2"
"ENSG00000231725","Cluster 1"
"ENSG00000232104","Cluster 1"
"ENSG00000232527","Cluster 2"
"ENSG00000233178","Cluster 2"
"ENSG00000233621","Cluster 1"
"ENSG00000233723","Cluster 1"
"ENSG00000234380","Cluster 2"
"ENSG00000234494","Cluster 1"
"ENSG00000234546","Cluster 2"
"ENSG00000234616","Cluster 1"
"ENSG00000234684","Cluster 1"
"ENSG00000234779","Cluster 2"
"ENSG00000234912","Cluster 1"
"ENSG00000235001","Cluster 2"
"ENSG00000235098","Cluster 1"
"ENSG00000235703","Cluster 1"
"ENSG00000236404","Cluster 1"
"ENSG00000236552","Cluster 2"
"ENSG00000236577","Cluster 2"
"ENSG00000237807","Cluster 1"
"ENSG00000238372","Cluster 2"
"ENSG00000239504","Cluster 1"
"ENSG00000239697","Cluster 1"
"ENSG00000239794","Cluster 1"
"ENSG00000239884","Cluster 2"
"ENSG00000240392","Cluster 1"
"ENSG00000240694","Cluster 1"
"ENSG00000240739","Cluster 1"
"ENSG00000241002","Cluster 2"
"ENSG00000241322","Cluster 1"
"ENSG00000241684","Cluster 2"
"ENSG00000241829","Cluster 2"
"ENSG00000242082","Cluster 2"
"ENSG00000242193","Cluster 1"
"ENSG00000242477","Cluster 2"
"ENSG00000242852","Cluster 1"
"ENSG00000243709","Cluster 1"
"ENSG00000243927","Cluster 2"
"ENSG00000244247","Cluster 2"
"ENSG00000245532","Cluster 2"
"ENSG00000245534","Cluster 1"
"ENSG00000245556","Cluster 1"
"ENSG00000245849","Cluster 1"
"ENSG00000248008","Cluster 1"
"ENSG00000248027","Cluster 1"
"ENSG00000248329","Cluster 1"
"ENSG00000248746","Cluster 2"
"ENSG00000249628","Cluster 2"
"ENSG00000250227","Cluster 1"
"ENSG00000250286","Cluster 1"
"ENSG00000250312","Cluster 1"
"ENSG00000250565","Cluster 2"
"ENSG00000250722","Cluster 1"
"ENSG00000250846","Cluster 1"
"ENSG00000251136","Cluster 1"
"ENSG00000251359","Cluster 1"
"ENSG00000251493","Cluster 1"
"ENSG00000253230","Cluster 1"
"ENSG00000253438","Cluster 2"
"ENSG00000253558","Cluster 1"
"ENSG00000253563","Cluster 1"
"ENSG00000253958","Cluster 1"
"ENSG00000254656","Cluster 2"
"ENSG00000256061","Cluster 1"
"ENSG00000257242","Cluster 1"
"ENSG00000257621","Cluster 1"
"ENSG00000257727","Cluster 1"
"ENSG00000257923","Cluster 1"
"ENSG00000258498","Cluster 2"
"ENSG00000258701","Cluster 1"
"ENSG00000258920","Cluster 2"
"ENSG00000259118","Cluster 1"
"ENSG00000259129","Cluster 1"
"ENSG00000259426","Cluster 1"
"ENSG00000259664","Cluster 2"
"ENSG00000259803","Cluster 1"
"ENSG00000259974","Cluster 1"
"ENSG00000260581","Cluster 1"
"ENSG00000260807","Cluster 1"
"ENSG00000260917","Cluster 1"
"ENSG00000261150","Cluster 1"
"ENSG00000261472","Cluster 1"
"ENSG00000261716","Cluster 1"
"ENSG00000261949","Cluster 2"
"ENSG00000262655","Cluster 1"
"ENSG00000263002","Cluster 2"
"ENSG00000263465","Cluster 1"
"ENSG00000263753","Cluster 1"
"ENSG00000264026","Cluster 1"
"ENSG00000264345","Cluster 2"
"ENSG00000264364","Cluster 1"
"ENSG00000266074","Cluster 1"
"ENSG00000266524","Cluster 2"
"ENSG00000266709","Cluster 2"
"ENSG00000267296","Cluster 1"
"ENSG00000268089","Cluster 1"
"ENSG00000269386","Cluster 1"
"ENSG00000269891","Cluster 1"
"ENSG00000270049","Cluster 1"
"ENSG00000270112","Cluster 1"
"ENSG00000270392","Cluster 2"
"ENSG00000270920","Cluster 1"
"ENSG00000271122","Cluster 1"
"ENSG00000271383","Cluster 1"
"ENSG00000271824","Cluster 1"
"ENSG00000272232","Cluster 2"
"ENSG00000272398","Cluster 1"
"ENSG00000273032","Cluster 1"
"ENSG00000273148","Cluster 1"
"ENSG00000274286","Cluster 2"
"ENSG00000274659","Cluster 1"
"ENSG00000277586","Cluster 2"
"ENSG00000282556","Cluster 2"
"ENSG00000287005","Cluster 2"
"ENSG00000287560","Cluster 1"
"ENSG00000287595","Cluster 1"
"ENSG00000287769","Cluster 1"
